category;title;price;age;pieces;item
DUPLO®;Creative animals;['269,99'];1½+;175;10934
DUPLO®;Wild Animals of Asia;['469,99'];2+;117;10974
DUPLO®;Wild Animals of the World;['599,99'];2+;140;10975
DUPLO®;Wild Animals of Africa;['45,99'];2+;10;10971
DUPLO®;My First Puppy & Kitten With Sounds;['179,99'];1½+;22;10977
DUPLO®;Happy Childhood Moments;['469,99'];2+;227;10943
DUPLO®;Fire Station & Helicopter;['419,99'];2+;117;10970
DUPLO®;Barn, Tractor & Farm Animal Care;['319,99'];2+;97;10952
DUPLO®;Buzz Lightyear’s Planetary Mission;['139,99'];2+;37;10962
DUPLO®;Dinosaur Nursery;['89,99'];2+;27;10938
DUPLO®;Amusement Park;['549,99'];2+;95;10956
DUPLO®;Wild Animals of South America;['219,99'];2+;71;10973
DUPLO®;Wild Animals of the Ocean;['84,99'];2+;32;10972
DUPLO®;Tower Crane & Construction;['599,99'];2+;123;10933
DUPLO®;Wild Animals of Europe;['259,99'];2+;85;10979
DUPLO®;Spider-Man & Friends: Funfair Adventure;['229,99'];2+;41;10963
DUPLO®;LEGO® DUPLO® Green Building Plate;['64,99'];1½+;1;10980
DUPLO®;Parking Garage and Car Wash;['469,99'];2+;112;10948
DUPLO®;Alphabet Truck;['129,99'];1½+;36;10915
DUPLO®;Horse Stable and Pony Care;['129,99'];2+;65;10951
Disney™;Elsa and Olaf's Tea Party;['89,99'];2+;17;10920
Jurassic World™;T. rex and Triceratops Dinosaur Breakout;['139,99'];2+;36;10939
DUPLO®;Family Camping Van Adventure;['129,99'];2+;30;10946
Disney™;Minnie's House and Café;['229,99'];2+;91;10942
DUPLO®;Police Station & Helicopter;['219,99'];2+;40;10959
DUPLO®;Modular Playhouse;['269,99'];2+;129;10929
DUPLO®;Race Cars;['219,99'];2+;44;10947
DUPLO®;Brick Box;['129,99'];1½+;65;10913
Disney™;Belle's Ballroom;['89,99'];2+;23;10960
DUPLO®;Creative Building Time;['179,99'];1½+;120;10978
DUPLO®;Airplane & Airport;['129,99'];2+;28;10961
Disney™;Mickey & Minnie Birthday Train;['139,99'];2+;22;10941
Spider-Man;Spider-Man Headquarters;['139,99'];2+;36;10940
Disney™;Frozen Ice Castle;['229,99'];2+;59;10899
DUPLO®;Deluxe Brick Box;['229,99'];1½+;85;10914
DUPLO®;Bath Time Fun: Floating Animal Island;['169,99'];1½+;20;10966
DUPLO®;Bulldozer;['45,99'];2+;10;10930
DUPLO®;Farm Animal Care;['45,99'];2+;11;10949
DUPLO®;Space Shuttle Mission;['84,99'];2+;23;10944
DUPLO®;Fire Helicopter & Police Car;['45,99'];1½+;14;10957
DUPLO®;Unicorn;['45,99'];1½+;8;10953
DUPLO®;Number Train - Learn To Count;['84,99'];1½+;23;10954
DUPLO®;Bath Time Fun: Floating Red Panda;['39,99'];1½+;5;10964
INVALID Other;LEGO® Wall Hanger Rack;['79,99'];3+;1;5006230
DUPLO®;Farm Tractor & Animal Care;['84,99'];2+;27;10950
DUPLO®;Police Motorcycle;['45,99'];2+;5;10967
DUPLO®;Animal Train;['84,99'];1½+;15;10955
DUPLO®;Garbage Truck and Recycling;['84,99'];2+;19;10945
DUPLO®;Truck & Tracked Excavator;['84,99'];2+;20;10931
DUPLO®;Bath Time Fun: Floating Animal Train;['79,99'];1½+;14;10965
DUPLO®;Heart Box;['84,99'];1½+;80;10909
INVALID Other;LEGO® Picture Frame;['89,99'];3+;1;5006215
DUPLO®;Santa's Gingerbread House;['149,99'];2+;50;10976
DUPLO®;Doctor Visit;['84,99'];2+;34;10968
DUPLO®;LEGO® DUPLO® Large Green Building Plate;['64,99'];1½+;1;2304
City;The Shark Attack Stunt Challenge;['84,99'];5+;122;60342
Classic;Space Mission;['369,99'];5+;1700;11022
Disney Mickey and Friends;Mickey Mouse and Minnie Mouse's Camping Trip;['89,99'];4+;103;10777
Disney Mickey and Friends;Mickey, Minnie and Goofy's Fairground Fun;['129,99'];4+;184;10778
Classic;90 Years of Play;['229,99'];5+;1100;11021
Disney and Pixar’s Lightyear;Zyclops Chase;['89,99'];4+;87;76830
Classic;Build Together;['469,99'];5+;1601;11020
Frozen;Anna and Olaf's Castle Fun;['159,99'];4+;108;43204
Disney Mickey and Friends;Mickey and Friends Castle Defenders;['229,99'];4+;215;10780
City;The Blade Stunt Challenge;['79,99'];5+;154;60340
Jurassic World™;T. rex Dinosaur Breakout;['239,99'];4+;140;76944
NINJAGO®;Ninja Dragon Temple;['179,99'];4+;161;71759
City;Farmers Market Van;['129,99'];5+;310;60345
City;The Knockdown Stunt Challenge;['79,99'];5+;117;60341
Jurassic World™;Pteranodon Chase;['89,99'];4+;94;76943
Friends;Ice-Cream Truck;['84,99'];4+;84;41715
City;Barn & Farm Animals;['219,99'];4+;230;60346
Disney™;Cinderella and Prince Charming's Castle;['359,99'];5+;365;43206
Friends;Heartlake City Pizzeria;['69,99'];5+;144;41705
Classic;White Baseplate;['44,99'];4+;1;11026
Classic;Bricks Bricks Plates;['329,99'];4-99;1504;11717
DUPLO®;Steam Train;['269,99'];2-5;59;10874
LEGO® Education;LEGO® Education My XL World;['1289,99'];2-6;480;45028
Classic;Bricks and Animals;['279,99'];4+;1500;11011
Classic;Around the World;['229,99'];4+;950;11015
Disney™;Belle and Rapunzel's Royal Stables;['229,99'];5+;239;43195
DUPLO®;Cargo Train;['549,99'];2-5;105;10875
Friends;Pony-Washing Stable;['45,99'];4+;60;41696
LEGO® Education;Tubes;['739,99'];3-6;150;45026
City;Bathtub Stunt Bike;['34,99'];5+;14;60333
City;Chicken Henhouse;['42,99'];5+;101;60344
City;Touring Stunt Bike;['35,99'];5+;10;60331
City;Reckless Scorpion Stunt Bike;['34,99'];5+;15;60332
Classic;Green Baseplate;['44,99'];4+;1;11023
Classic;Blue Baseplate;['44,99'];4+;1;11025
Classic;Gray Baseplate;['69,99'];4+;1;11024
Monkie Kid™;Monkie Kid’s Staff Creations;['139,99'];5+;309;80030
City;Beach Lifeguard Station;['129,99'];5+;211;60328
City;Seaside Police and Fire Mission;['179,99'];5+;297;60308
City;Family House;['229,99'];5+;388;60291
Disney™;Anna and Elsa's Frozen Wonderland;['189,99'];4+;154;43194
Classic;Bricks and Wheels;['229,99'];4+;653;11014
Minions;Minion Pilot in Training;['159,99'];4+;119;75547
NINJAGO®;Final Flight of Destiny's Bounty;['179,99'];4+;147;71749
Disney™;Mickey Mouse & Donald Duck's Farm;['139,99'];4+;118;10775
Classic;LEGO® Large Creative Brick Box;['229,99'];4-99;790;10698
Classic;Creative Building Bricks;['229,99'];4+;1201;11016
Disney™;Mickey & Friends Fire Truck & Station;['229,99'];4+;144;10776
Spider-Man;Spider-Man Webquarters Hangout;['229,99'];4+;155;10784
Disney™;Jasmine and Mulan’s Adventure;['189,99'];5+;176;43208
City;Police Patrol Boat;['229,99'];5+;276;60277
DC;Batman™ vs. The Joker™: Batmobile™ Chase;['139,99'];4+;136;76180
City;Wildlife Rescue Off-Roader;['209,99'];4+;157;60301
Jurassic World™;Stygimoloch Dinosaur Escape;['189,99'];4+;129;76939
City;Ice Cream Truck Police Chase;['129,99'];5+;317;60314
City;Car Transporter;['129,99'];5+;342;60305
City;Fire Rescue Helicopter;['129,99'];5+;212;60281
Classic;Creative Transparent Bricks;['129,99'];4+;500;11013
Friends;Horse Training and Trailer;['129,99'];4+;148;41441
City;Fire Rescue & Police Chase;['129,99'];5+;295;60319
Classic;LEGO® Medium Creative Brick Box;['129,99'];4-99;484;10696
City;Rescue Helicopter Transport;['129,99'];5+;215;60343
City;Stunt Park;['129,99'];5+;170;60293
DUPLO®;Train Bridge and Tracks;['109,99'];2-5;26;10872
Spider-Man;Spider-Man at Doc Ock’s Lab;['129,99'];4+;131;10783
Classic;Bricks and Houses;['89,99'];4+;270;11008
Frozen;Elsa's Wagon Adventure;['129,99'];4+;116;41166
Disney™;Ariel, Belle, Cinderella and Tiana's Storybook Adventures;['109,99'];5+;130;43193
Disney™;Antonio's Magical Door;['89,99'];5+;99;43200
City;Police Helicopter Chase;['129,99'];5+;212;60243
Classic;Bricks and Functions;['129,99'];5+;500;11019
City;Horse Transporter;['129,99'];5+;196;60327
City;Road Plates;['89,99'];5+;112;60304
INVALID Other;LEGO® Picture Frame;['89,99'];3+;1;5006215
City;Cement Mixer Truck;['84,99'];4+;85;60325
Friends;Pet Clinic;['84,99'];4+;111;41695
City;Fire Ladder Truck;['84,99'];4+;88;60280
City;Holiday Camper Van;['84,99'];5+;190;60283
Disney™;Mickey Mouse & Minnie Mouse's Space Rocket;['89,99'];4+;88;10774
Minions;Minions in Gru's Lab;['89,99'];4+;87;75546
Disney™;Minnie Mouse's Ice Cream Shop;['89,99'];4+;100;10773
Star Wars™;Resistance X-Wing™;['89,99'];4+;60;75297
Classic;Creative Suitcase;['89,99'];4-99;213;10713
Friends;Pet Playground;['84,99'];5+;210;41698
NINJAGO®;Jay's Electro Mech;['89,99'];4+;106;71740
City;Ice-Cream Truck;['84,99'];5+;200;60253
DUPLO®;Train Tracks;['89,99'];2-5;23;10882
Classic;Creative Ocean Fun;['89,99'];4+;333;11018
Spider-Man;Hulk vs. Rhino Truck Showdown;['89,99'];4+;110;10782
Disney™;Elsa and the Nokk Storybook Adventures;['89,99'];5+;125;43189
City;Fire Helicopter;['45,99'];4+;53;60318
Disney™;Anna’s Castle Courtyard;['45,99'];5+;74;43198
City;Tractor;['84,99'];5+;148;60287
Classic;Creative Monsters;['45,99'];4+;140;11017
Disney™;Elsa and the Nokk’s Ice Stable;['69,99'];4+;53;43209
INVALID Other;LEGO® Wall Hanger Rack;['79,99'];3+;1;5006230
Friends;Forest Waterfall;['45,99'];5+;93;41677
Friends;Pet Clinic Ambulance;['45,99'];4+;54;41694
City;Picnic in the park;['64,99'];5+;147;60326
Disney™;Mickey Mouse's Propeller Plane;['45,99'];4+;59;10772
Classic;LEGO® Creative Bricks;['69,99'];4-99;221;10692
Marvel;Captain America and Hydra Face-Off;['45,99'];4+;49;76189
Spider-Man;Miles Morales: Spider-Man’s Techno Trike;['45,99'];4+;59;10781
NINJAGO®;Lloyd's Ninja Mech;['45,99'];4+;57;71757
NINJAGO®;Kai's Blade Cycle;['45,99'];4+;54;71734
City;Stunt Competition;['84,99'];5+;73;60299
City;Police Car;['45,99'];5+;94;60312
Disney™;Elsa’s Castle Courtyard;['45,99'];5+;53;43199
Classic;Blue Baseplate;['44,99'];4-99;1;10714
Classic;White Baseplate;['44,99'];4+;1;11010
City;Selfie Stunt Bike;['35,99'];5+;14;60309
Classic;Creative White Bricks;['21,99'];4+;60;11012
City;Stunt Plane;['45,99'];5+;59;60323
Classic;Creative Blue Bricks;['21,99'];4+;52;11006
City;Rocket Stunt Bike;['35,99'];5+;14;60298
City;Roadwork Truck;['45,99'];4+;58;60284
City;Chicken Stunt Bike;['35,99'];5+;10;60310
City;Race Car;['45,99'];4+;46;60322
Classic;Brick Separator;['10,99'];4+;1;630
Disney™;Isabela's Magical Door;['89,99'];5+;114;43201
City;Wildlife Rescue ATV;['45,99'];5+;74;60300
City;Police Helicopter;['45,99'];4+;51;60275
City;Wheelie Stunt Bike;['35,99'];5+;14;60296
City;Demolition Stunt Bike;['35,99'];5+;12;60297
Spider-Man;Spider-Man vs. Mysterio’s Drone Attack;['89,99'];4+;73;76184
City;Fire Stunt Bike;['35,99'];5+;11;60311
Minifigures;Series 22;['16,99'];5+;9;71032
Classic;Space Mission;['369,99'];5+;1700;11022
City;Double Loop Stunt Arena;['629,99'];7+;598;60339
Harry Potter™;12 Grimmauld Place;['629,99'];8+;1083;76408
Classic;Build Together;['469,99'];5+;1601;11020
Marvel;Iron Man Armoury;['429,99'];7+;496;76216
City;Freight Train;['849,99'];7+;1153;60336
Friends;Olivia's Space Academy;['329,99'];8+;757;41713
Disney™;Cinderella and Prince Charming's Castle;['359,99'];5+;365;43206
Jurassic World™;T. rex & Atrociraptor Dinosaur Breakout;['429,99'];8+;466;76948
Friends;Organic Farm;['389,99'];7+;826;41721
City;Express Passenger Train;['669,99'];7+;764;60337
LEGO® Education;LEGO® Technic™ Small Hub Battery;['303,99'];6+;1;45612
Harry Potter™;Hogwarts™: Dumbledore’s Office;['379,99'];8+;654;76402
NINJAGO®;The Crystal King Temple;['329,99'];8+;703;71771
Friends;Horse Show Trailer;['469,99'];8+;989;41722
Friends;Emma's Art School;['329,99'];8+;844;41711
Friends;Andrea's Theatre School;['469,99'];8+;1154;41714
NINJAGO®;Kai’s Golden Dragon Raider;['389,99'];8+;624;71773
Classic;90 Years of Play;['229,99'];5+;1100;11021
Friends;Mia's Wildlife Rescue;['229,99'];7+;430;41717
Disney and Pixar’s Lightyear;XL-15 Spaceship;['239,99'];8+;497;76832
DOTS;Designer Toolkit - Patterns;['269,99'];8+;1096;41961
Monkie Kid™;Dragon of the East;['279,99'];8+;880;80037
Harry Potter™;Hogwarts™ Courtyard: Sirius’s Rescue;['239,99'];8+;345;76401
Friends;Water Park;['269,99'];6+;373;41720
Disney Mickey and Friends;Mickey and Friends Castle Defenders;['229,99'];4+;215;10780
Jurassic World™;Quetzalcoatlus Plane Ambush;['239,99'];7+;306;76947
Jurassic World™;Pyroraptor & Dilophosaurus Transport;['219,99'];7+;254;76951
Jurassic World™;T. rex Dinosaur Breakout;['239,99'];4+;140;76944
Marvel;The Goat Boat;['239,99'];8+;564;76208
Minecraft®;The Ice Castle;['239,99'];8+;499;21186
DOTS;Unicorn Creative Family Pack;['229,99'];6+;707;41962
City;Barn & Farm Animals;['219,99'];4+;230;60346
Friends;Roller Disco Arcade;['269,99'];7+;642;41708
City;Grocery Store;['269,99'];6+;404;60347
Monkie Kid™;Monkie Kid’s Cloud Jet;['229,99'];8+;529;80008
Star Wars™;Obi-Wan Kenobi’s Jedi Starfighter™;['159,99'];7+;282;75333
Minecraft®;The Nether Bastion;['159,99'];8+;300;21185
DOTS;Ice Cream Picture Frames & Bracelet;['129,99'];6+;474;41956
City;Space Ride Amusement Truck;['179,99'];6+;433;60313
Frozen;Anna and Olaf's Castle Fun;['159,99'];4+;108;43204
Jurassic World™;Blue & Beta Velociraptor Capture;['139,99'];6+;181;76946
Creator 3-in-1;Downtown Noodle Shop;['199,99'];8+;569;31131
NINJAGO®;Ninja Dragon Temple;['179,99'];4+;161;71759
City;Smashing Chimpanzee Stunt Loop;['219,99'];7+;226;60338
NINJAGO®;Cole’s Dragon Cruiser;['179,99'];8+;384;71769
City;Farmers Market Van;['129,99'];5+;310;60345
Jurassic World™;Triceratops Pick-up Truck Ambush;['219,99'];7+;210;76950
City;Mars Spacecraft Exploration Missions;['129,99'];6+;298;60354
Disney and Pixar’s Lightyear;Zurg Battle;['139,99'];7+;261;76831
Creator 3-in-1;Sunken Treasure Mission;['139,99'];8+;522;31130
Friends;Stephanie's Sailing Adventure;['179,99'];7+;304;41716
DOTS;Adhesive Patches Mega Pack;['129,99'];6+;486;41957
Star Wars™;Republic Fighter Tank™;['189,99'];7+;262;75342
City;The Shark Attack Stunt Challenge;['84,99'];5+;122;60342
NINJAGO®;Zane's Golden Dragon Jet;['129,99'];7+;258;71770
City;Water Police Detective Missions;['119,99'];6+;278;60355
Disney Mickey and Friends;Mickey, Minnie and Goofy's Fairground Fun;['129,99'];4+;184;10778
DOTS;Big Box;['109,99'];7+;479;41960
Jurassic World™;Atrociraptor Dinosaur: Bike Chase;['89,99'];6+;169;76945
Marvel;Attack on New Asgard;['89,99'];7+;159;76207
Harry Potter™;Hogwarts™ Carriage and Thestrals;['89,99'];7+;121;76400
City;Wild Animal Rescue Missions;['129,99'];6+;246;60353
Disney Mickey and Friends;Mickey Mouse and Minnie Mouse's Camping Trip;['89,99'];4+;103;10777
Disney and Pixar’s Lightyear;Zyclops Chase;['89,99'];4+;87;76830
Friends;Recycling Truck;['84,99'];6+;259;41712
DOTS;Cute Panda Tray;['89,99'];6+;517;41959
Disney™;Mickey Mouse;['79,99'];8+;118;40456
Minecraft®;The Bakery;['99,99'];8+;154;21184
Jurassic World™;Pteranodon Chase;['89,99'];4+;94;76943
Friends;Ice-Cream Truck;['84,99'];4+;84;41715
NINJAGO®;Jay's Golden Dragon Motorbike;['84,99'];7+;137;71768
Other;Halloween Owl;['69,99'];8+;228;40497
Friends;Heartlake City Pizzeria;['69,99'];5+;144;41705
BrickHeadz;Budgie;['69,99'];8+;261;40443
BrickHeadz;Shorthair Cats;['69,99'];8+;250;40441
BrickHeadz;Pets - French Bulldog;['69,99'];8+;237;40544
City;Electric Scooters & Charging Dock;['59,99'];6+;50;40526
BrickHeadz;St. Bernard;['69,99'];8+;236;40543
Friends;Pony-Washing Stable;['45,99'];4+;60;41696
City;The Blade Stunt Challenge;['79,99'];5+;154;60340
Disney™;Minnie Mouse;['79,99'];8+;140;40457
Other;Easter Bunny;['69,99'];8+;293;40463
BrickHeadz;Goldfish;['69,99'];8+;186;40442
Other;Valentine's Brown Bear;['69,99'];8+;245;40462
City;The Knockdown Stunt Challenge;['79,99'];5+;117;60341
Other;Christmas Penguin;['69,99'];8+;244;40498
Classic;Blue Baseplate;['44,99'];4+;1;11025
Friends;Mobile Fashion Boutique;['45,99'];6+;94;41719
Classic;Gray Baseplate;['69,99'];4+;1;11024
DOTS;Extra DOTS Series 7 - SPORT;['17,99'];6+;115;41958
Classic;White Baseplate;['44,99'];4+;1;11026
DOTS;Extra DOTS - Series 4;['17,99'];6+;105;41931
DOTS;Rainbow Bracelet with Charms;['29,99'];6+;37;41953
LEGO® Super Mario™;Adventures with Mario Starter Course;['259,99'];6+;231;71360
DOTS;Extra DOTS - Series 3;['17,99'];6+;107;41921
LEGO® Super Mario™;Adventures with Luigi Starter Course;['259,99'];6+;280;71387
LEGO® Education;LEGO® Education SPIKE™ Essential Set;['1439,99'];6+;449;45345
Other;Yellow Taxi;['44,99'];7+;124;40468
City;Bathtub Stunt Bike;['34,99'];5+;14;60333
Technic;Getaway Truck;['89,99'];7+;128;42090
DOTS;Extra DOTS - Series 5;['17,99'];6+;120;41932
City;Touring Stunt Bike;['35,99'];5+;10;60331
City;Reckless Scorpion Stunt Bike;['34,99'];5+;15;60332
DOTS;Adhesive Patch;['29,99'];6+;95;41954
Classic;Green Baseplate;['44,99'];4+;1;11023
DOTS;Stitch-on Patch;['29,99'];8+;95;41955
City;Chicken Henhouse;['42,99'];5+;101;60344
Friends;Heartlake City Grand Hotel;['469,99'];8+;1308;41684
Art;Art Project - Create Together;['569,99'];7+;4138;21226
City;Fire Brigade;['469,99'];7+;766;60321
Friends;Main Street Building;['699,99'];8+;1682;41704
LEGO® Education;LEGO® Education My XL World;['1289,99'];2-6;480;45028
LEGO® Super Mario™;The Beach Blast Bundle;['679,97'];6+;None;5007338
City;Rocket Launch Centre;['649,99'];7+;1010;60351
City;Lunar Research Base;['469,99'];7+;786;60350
LEGO® Super Mario™;Luigi’s Mansion™ Madness Bundle;['949,96'];6+;None;5007337
LEGO® Super Mario™;Bowser’s Airship Expansion Set;['479,99'];8+;1152;71391
Other;Lunar New Year Ice Festival;['469,99'];8+;1519;80109
LEGO® Education;LEGO® Technic™ Small Hub;['999,99'];6+;2;45609
Marvel;LEGO® Marvel Rise of the Domo;['479,99'];8+;1040;76156
City;Hospital;['469,99'];7+;816;60330
City;Cargo Train;['879,99'];6-12;1226;60198
LEGO® Education;Tubes;['739,99'];3-6;150;45026
Friends;Heartlake City Shopping Mall;['469,99'];8+;1032;41450
Powered UP;Large Hub;['1149,99'];6+;2;88016
City;Passenger Airplane;['469,99'];6+;669;60262
Disney™;Ariel’s Underwater Palace;['399,99'];6+;498;43207
City;Wildlife Rescue Camp;['469,99'];6+;503;60307
Friends;Friendship Tree House;['369,99'];8+;1114;41703
NINJAGO®;Ninja Dojo Temple;['469,99'];8+;1394;71767
Harry Potter™;Hogsmeade™ Village Visit;['379,99'];8+;851;76388
City;Stunt Show Arena;['469,99'];6+;668;60295
Friends;Magical Funfair Roller Coaster;['469,99'];8+;974;41685
City;Wildlife Rescue Operation;['419,99'];6+;525;60302
City;Police Chase at the Bank;['469,99'];7+;915;60317
Disney™;Belle and the Beast's Castle;['399,99'];6+;505;43196
Jurassic World™;Baryonyx Dinosaur Boat Escape;['379,99'];8+;308;76942
LEGO® Super Mario™;Luigi’s Mansion™ Haunt-and-Seek Expansion Set;['379,99'];8+;877;71401
Marvel;Avengers: Endgame Final Battle;['429,99'];8+;527;76192
Minecraft®;The Crafting Box 3.0;['379,99'];8+;564;21161
Spider-Man;Attack on the Spider Lair;['379,99'];8+;466;76175
Powered UP;Move Hub;['369,99'];7+;1;88006
City;Town Center;['469,99'];6+;790;60292
Marvel;LEGO® Marvel The Eternals In Arishem’s Shadow;['329,99'];7+;493;76155
Classic;Bricks Bricks Plates;['329,99'];4-99;1504;11717
Minecraft®;The Illager Raid;['329,99'];8+;562;21160
Friends;Vacation Beach House;['329,99'];7+;686;41709
Friends;Pet Day-Care Centre;['299,99'];7+;593;41718
Friends;Canal Houseboat;['349,99'];7+;737;41702
Other;Lunar New Year Traditions;['329,99'];8+;1066;80108
Friends;Heartlake City School;['329,99'];6+;605;41682
Friends;Forest Horseback Riding Center;['329,99'];7+;511;41683
Monkie Kid™;Monkie Kid's Lion Guardian;['329,99'];8+;774;80021
Monkie Kid™;Nezha’s Fire Ring;['369,99'];8+;929;80034
Powered UP;Technic™ Hub;['369,99'];7+;1;88012
DC;Batcave™: The Riddler™ Face-off;['329,99'];8+;581;76183
Friends;Andrea's Family House;['329,99'];6+;802;41449
Friends;Friendship Bus;['329,99'];8+;778;41395
Harry Potter™;4 Privet Drive;['329,99'];8+;797;75968
LEGO® Super Mario™;Reznor Knockdown Expansion Set;['329,99'];8+;862;71390
Friends;Surfer Beachfront;['329,99'];6+;685;41693
City;Lunar Space Station;['269,99'];6+;500;60349
City;School Day;['269,99'];6+;433;60329
Harry Potter™;Hogwarts™ Magical Trunk;['279,99'];8+;603;76399
Monkie Kid™;Evil Macaque’s Mech;['279,99'];8+;893;80033
Classic;Bricks and Animals;['279,99'];4+;1500;11011
Speed Champions;Mopar Dodge//SRT Top Fuel Dragster and 1970 Dodge Challenger T/A;['279,99'];8+;627;76904
Friends;Magical Ferris Wheel and Slide;['269,99'];7+;545;41689
Disney™;Aurora, Merida and Tiana’s Enchanted Creations;['279,99'];6+;558;43203
Minecraft®;The Training Grounds;['279,99'];8+;534;21183
LEGO® Super Mario™;Big Urchin Beach Ride Expansion Set;['279,99'];7+;536;71400
City;Ocean Exploration Base;['279,99'];6+;497;60265
City;Fire Station;['269,99'];6+;540;60320
City;Police Station;['269,99'];6+;668;60316
NINJAGO®;Lloyd’s Legendary Dragon;['269,99'];8+;747;71766
Minecraft®;The Sky Tower;['279,99'];8+;565;21173
City;Fire Command Unit;['269,99'];6+;380;60282
Minecraft®;The First Adventure;['279,99'];8+;542;21169
Disney™;Rapunzel's Tower;['279,99'];6+;369;43187
Disney™;Belle and Rapunzel's Royal Stables;['229,99'];5+;239;43195
Friends;Forest Camper Van and Sailboat;['229,99'];7+;487;41681
Monkie Kid™;Chang’e Moon Cake Factory;['229,99'];8+;609;80032
City;Family House;['229,99'];5+;388;60291
Classic;Bricks and Wheels;['229,99'];4+;653;11014
Friends;Heartlake City Movie Theater;['229,99'];7+;451;41448
NINJAGO®;Jay and Nya's Race Car EVO;['229,99'];7+;536;71776
Minions;Brick-built Minions and their Lair;['239,99'];8+;876;75551
Classic;LEGO® Large Creative Brick Box;['229,99'];4-99;790;10698
Classic;Creative Building Bricks;['229,99'];4+;1201;11016
NINJAGO®;Fire Dragon Attack;['229,99'];8+;563;71753
Disney™;Mickey & Friends Fire Truck & Station;['229,99'];4+;144;10776
Minecraft®;The Pig House;['239,99'];8+;490;21170
Friends;Magical Caravan;['229,99'];7+;348;41688
Harry Potter™;Hogwarts™ Hospital Wing;['239,99'];8+;510;76398
Jurassic World™;Carnotaurus Dinosaur Chase;['239,99'];7+;240;76941
City;Stunt Show Truck;['269,99'];6+;420;60294
Classic;Around the World;['229,99'];4+;950;11015
Monkie Kid™;Sandy's Power Loader Mech;['199,99'];8+;520;80025
NINJAGO®;The Keepers' Village;['229,99'];8+;632;71747
Disney™;Anna and Elsa's Frozen Wonderland;['189,99'];4+;154;43194
Harry Potter™;Hogwarts™: Fluffy Encounter;['189,99'];8+;397;76387
Star Wars™;Armored Assault Tank (AAT™);['189,99'];7+;286;75283
Marvel;Battle at the Ancient Village;['189,99'];8+;400;76177
Disney™;The Madrigal House;['229,99'];6+;587;43202
NINJAGO®;X-1 Ninja Charger;['229,99'];8+;599;71737
Disney™;Cinderella’s Royal Carriage;['189,99'];6+;237;43192
Monkie Kid™;Sandy's Speedboat;['229,99'];8+;394;80014
Spider-Man;Spider-Man Webquarters Hangout;['229,99'];4+;155;10784
Creator 3-in-1;Surfer Beach House;['229,99'];8+;564;31118
City;Police Patrol Boat;['229,99'];5+;276;60277
City;Wildlife Rescue Off-Roader;['209,99'];4+;157;60301
Monkie Kid™;Pigsy’s Noodle Tank;['229,99'];8+;662;80026
Star Wars™;Imperial Armored Marauder;['189,99'];8+;478;75311
Frozen;Elsa's Jewelry Box Creation;['189,99'];6+;300;41168
Friends;Street Food Market;['229,99'];6+;592;41701
Star Wars™;Imperial TIE Fighter™;['189,99'];8+;432;75300
Spider-Man;Spider-Man at the Sanctum Workshop;['189,99'];7+;355;76185
Friends;Beach Glamping;['179,99'];6+;380;41700
Marvel;Sanctuary II: Endgame Battle;['189,99'];7+;322;76237
Friends;Baking Competition;['179,99'];6+;361;41393
Technic;Heavy-Duty Excavator;['179,99'];8+;569;42121
LEGO® Super Mario™;Lakitu Sky World Expansion Set;['189,99'];7+;484;71389
DOTS;Big Message Board;['179,99'];8+;943;41952
LEGO® Super Mario™;Luigi’s Mansion™ Entryway Expansion Set;['189,99'];7+;504;71399
DOTS;Creative Designer Box;['179,99'];7+;849;41938
NINJAGO®;Final Flight of Destiny's Bounty;['179,99'];4+;147;71749
Monkie Kid™;Mei’s Dragon Car;['179,99'];7+;456;80031
Speed Champions;Chevrolet Corvette C8.R Race Car and 1968 Chevrolet Corvette;['179,99'];8+;512;76903
Minions;Minions Kung Fu Battle;['189,99'];6+;310;75550
Jurassic World™;Stygimoloch Dinosaur Escape;['189,99'];4+;129;76939
Disney™;Jasmine and Mulan’s Adventure;['189,99'];5+;176;43208
NINJAGO®;Jungle Dragon;['179,99'];8+;506;71746
NINJAGO®;Boulder Blaster;['179,99'];8+;449;71736
Powered UP;Technic™ Large Motor;['159,99'];7+;1;88013
Powered UP;Technic™ XL Motor;['159,99'];7+;1;88014
NINJAGO®;Ninja Sub Speeder;['179,99'];8+;356;71752
City;Seaside Police and Fire Mission;['179,99'];5+;297;60308
VIDIYO™;K-Pawp Concert;['229,99', '163,99'];8+;514;43113
DC;Batman™ Classic TV Series Batmobile™;['159,99'];7+;345;76188
LEGO® Super Mario™;Boss Sumo Bro Topple Tower Expansion Set;['139,99'];6+;231;71388
Marvel;Bro Thor’s New Asgard;['139,99'];7+;265;76200
Minions;Minion Pilot in Training;['159,99'];4+;119;75547
DC;Batmobile™: The Penguin™ Chase;['139,99'];8+;392;76181
Star Wars™;501st Legion™ Clone Troopers;['139,99'];7+;285;75280
City;Police Mobile Command Truck;['179,99'];6+;436;60315
NINJAGO®;Ninja Training Centre;['179,99'];7+;524;71764
City;Mobile Crane;['179,99'];7+;340;60324
Minecraft®;The Jungle Abomination;['189,99'];8+;489;21176
Marvel;Tony Stark’s Sakaarian Iron Man;['159,99'];8+;369;76194
DC;Batman™ vs. The Joker™: Batmobile™ Chase;['139,99'];4+;136;76180
Monkie Kid™;White Dragon Horse Jet;['179,99'];7+;565;80020
Monkie Kid™;Monkie Kid’s Staff Creations;['139,99'];5+;309;80030
Powered UP;Medium Angular Motor;['139,99'];6+;1;88018
Marvel;Escape from The Ten Rings;['139,99'];7+;321;76176
Marvel;Captain Carter & The Hydra Stomper;['139,99'];8+;343;76201
Harry Potter™;Hogwarts™ Moment: Defence Class;['139,99'];8+;257;76397
LEGO® Super Mario™;Mario’s House & Yoshi Expansion Set;['139,99'];6+;205;71367
Creator 3-in-1;Safari Wildlife Tree House;['139,99'];7+;397;31116
LEGO® Super Mario™;Dorrie’s Beachfront Expansion Set;['139,99'];6+;229;71398
Star Wars™;Dark Trooper™ Attack;['139,99'];8+;166;75324
Disney™;Mickey Mouse & Donald Duck's Farm;['139,99'];4+;118;10775
Harry Potter™;Hogwarts™: First Flying Lesson;['139,99'];7+;264;76395
Harry Potter™;Hogwarts™ Moment: Charms Class;['139,99'];8+;256;76385
Jurassic World™;T. rex Dinosaur Fossil Exhibition;['139,99'];7+;198;76940
Creator 3-in-1;Fish Tank;['139,99'];8+;352;31122
Marvel;Gargantos Showdown;['139,99'];8+;264;76205
Harry Potter™;Hogwarts™ Moment: Divination Class;['139,99'];8+;297;76396
Harry Potter™;Hogwarts™ Moment: Potions Class;['139,99'];8+;271;76383
Harry Potter™;Hogwarts™ Moment: Transfiguration Class;['139,99'];8+;241;76382
City;Beach Lifeguard Station;['129,99'];5+;211;60328
Technic;John Deere 9620R 4WD Tractor;['129,99'];8+;390;42136
City;Ice Cream Truck Police Chase;['129,99'];5+;317;60314
Minecraft®;The Ruined Portal;['139,99'];8+;316;21172
City;Car Transporter;['129,99'];5+;342;60305
Classic;Creative Transparent Bricks;['129,99'];4+;500;11013
City;Fire Rescue Helicopter;['129,99'];5+;212;60281
City;Fire Rescue & Police Chase;['129,99'];5+;295;60319
Star Wars™;Trouble on Tatooine™;['139,99'];7+;276;75299
Friends;Forest House;['129,99'];6+;326;41679
Friends;Horse Training and Trailer;['129,99'];4+;148;41441
Minecraft®;The Warped Forest;['139,99'];8+;287;21168
DOTS;Bag Tags Mega Pack - Messaging;['129,99'];6+;228;41949
Frozen;Elsa's Wagon Adventure;['129,99'];4+;116;41166
Classic;Bricks and Functions;['129,99'];5+;500;11019
Friends;Heartlake City Organic Café;['129,99'];6+;314;41444
Minecraft®;The Rabbit Ranch;['139,99'];8+;340;21181
City;Horse Transporter;['129,99'];5+;196;60327
NINJAGO®;Tournament of Elements;['129,99'];6+;283;71735
Classic;LEGO® Medium Creative Brick Box;['129,99'];4-99;484;10696
NINJAGO®;Overlord Dragon;['129,99'];7+;372;71742
NINJAGO®;Lloyd’s Race Car EVO;['129,99'];6+;1;71763
City;Rescue Helicopter Transport;['129,99'];5+;215;60343
City;Lunar Roving Vehicle;['129,99'];6+;275;60348
City;Stunt Park;['129,99'];5+;170;60293
DOTS;Multi Pack - Summer Vibes;['129,99'];6+;441;41937
DOTS;Creative Party Kit;['109,99'];6+;623;41926
Friends;Tree-Planting Vehicle;['129,99'];6+;336;41707
Spider-Man;Spider-Man at Doc Ock’s Lab;['129,99'];4+;131;10783
Technic;Rescue Hovercraft;['129,99'];8+;457;42120
Friends;Pet Adoption Café;['129,99'];6+;292;41699
Disney™;Ariel, Belle, Cinderella and Tiana's Storybook Adventures;['109,99'];5+;130;43193
LEGO® Super Mario™;Luigi’s Mansion™ Lab and Poltergust Expansion Set;['119,99'];6+;179;71397
City;Police Helicopter Chase;['129,99'];5+;212;60243
NINJAGO®;Kai’s Fire Dragon EVO;['129,99'];6+;204;71762
Friends;Magical Funfair Stalls;['129,99'];6+;361;41687
Speed Champions;1970 Ferrari 512 M;['89,99'];8+;291;76906
VIDIYO™;Candy Mermaid BeatBox;['89,99', '62,99'];7+;71;43102
Marvel;Black Panther Dragon Flyer;['89,99'];8+;202;76186
Minecraft®;The Trading Post;['99,99'];8+;201;21167
Star Wars™;Duel on Mandalore™;['89,99'];7+;147;75310
DOTS;Cute Banana Pen Holder;['89,99'];6+;438;41948
Classic;Creative Suitcase;['89,99'];4-99;213;10713
Classic;Bricks and Houses;['89,99'];4+;270;11008
Star Wars™;AT-AT™ vs. Tauntaun™ Microfighters;['89,99'];6+;205;75298
Disney™;Antonio's Magical Door;['89,99'];5+;99;43200
Disney™;Elsa and the Nokk Storybook Adventures;['89,99'];5+;125;43189
Creator 3-in-1;Space Mining Mech;['109,99'];7+;327;31115
Powered UP;Remote Control;['109,99'];7+;1;88010
Classic;Creative Ocean Fun;['89,99'];4+;333;11018
VIDIYO™;Folk Fairy BeatBox;['89,99', '62,99'];7+;89;43110
Minecraft®;The "Abandoned" Mine;['99,99'];7+;248;21166
Creator 3-in-1;Race Car Transporter;['109,99'];7+;328;31113
Minecraft®;The Guardian Battle;['99,99'];8+;255;21180
Creator 3-in-1;High-Speed Train;['89,99'];7+;284;40518
Harry Potter™;Hogwarts™: Polyjuice Potion Mistake;['89,99'];7+;217;76386
INVALID Other;LEGO® Picture Frame;['89,99'];3+;1;5006215
DOTS;Lots of DOTS – Lettering;['89,99'];6+;722;41950
DOTS;Lots of DOTS;['89,99'];6+;1040;41935
Disney™;Mickey Mouse & Minnie Mouse's Space Rocket;['89,99'];4+;88;10774
Minions;Minions in Gru's Lab;['89,99'];4+;87;75546
Marvel;LEGO® Marvel Deviant Ambush!;['89,99'];6+;197;76154
Speed Champions;Koenigsegg Jesko;['89,99'];7+;280;76900
DOTS;Message Board;['89,99'];6+;531;41951
NINJAGO®;Jay's Electro Mech;['89,99'];4+;106;71740
Speed Champions;Lotus Evija;['89,99'];8+;247;76907
Speed Champions;McLaren Elva;['89,99'];7+;263;76902
Speed Champions;Lamborghini Countach;['89,99'];8+;262;76908
VIDIYO™;HipHop Robot BeatBox;['89,99', '62,99'];7+;73;43107
Spider-Man;Hulk vs. Rhino Truck Showdown;['89,99'];4+;110;10782
NINJAGO®;Lloyd's Jungle Chopper Bike;['89,99'];7+;183;71745
NINJAGO®;Jay’s Thunder Dragon EVO;['89,99'];6+;140;71760
Technic;Monster Jam® Max-D®;['89,99'];7+;230;42119
City;Road Plates;['89,99'];5+;112;60304
Creator 3-in-1;Street Racer;['89,99'];7+;258;31127
VIDIYO™;Punk Pirate BeatBox;['89,99', '62,99'];7+;73;43103
Minecraft®;The Bee Farm;['89,99'];8+;238;21165
Disney™;Minnie Mouse's Ice Cream Shop;['89,99'];4+;100;10773
Star Wars™;Resistance X-Wing™;['89,99'];4+;60;75297
Creator 3-in-1;Supersonic Jet;['89,99'];7+;215;31126
Star Wars™;Snowtrooper™ Battle Pack;['89,99'];6+;105;75320
VIDIYO™;Party Llama BeatBox;['89,99', '62,99'];7+;82;43105
DOTS;Pencil Holder;['89,99'];6+;321;41936
Technic;Monster Jam™ El Toro Loco™;['89,99'];7+;247;42135
Spider-Man;Spider-Man & Green Goblin Mech Battle;['89,99'];7+;296;76219
Creator 3-in-1;Superbike;['89,99'];8+;236;31114
Spider-Man;Spider-Man’s Drone Duel;['89,99'];7+;198;76195
Spider-Man;Spider-Man & Doctor Octopus Mech Battle;['89,99'];7+;305;76198
Technic;Monster Jam® Grave Digger®;['89,99'];7+;212;42118
Technic;Monster Jam™ Megalodon™;['89,99'];7+;260;42134
VIDIYO™;Unicorn DJ BeatBox;['89,99', '62,99'];7+;84;43106
City;Cement Mixer Truck;['84,99'];4+;85;60325
Friends;Pet Clinic;['84,99'];4+;111;41695
City;Fire Ladder Truck;['84,99'];4+;88;60280
City;Holiday Camper Van;['84,99'];5+;190;60283
City;Tractor;['84,99'];5+;148;60287
Speed Champions;Toyota GR Supra;['89,99'];7+;299;76901
Brick Sketches™;Iron Man;['79,99'];8+;200;40535
Minecraft®;The Horse Stable;['89,99'];8+;241;21171
Friends;Pet Playground;['84,99'];5+;210;41698
Minecraft®;The Panda Nursery;['89,99'];7+;204;21158
City;Ice-Cream Truck;['84,99'];5+;200;60253
Minecraft®;The Fox Lodge;['89,99'];8+;193;21178
Friends;Magical Acrobatics;['84,99'];6+;223;41686
City;Tracks;['89,99'];5-12;20;60205
City;Stunt Competition;['84,99'];5+;73;60299
Friends;Doggy Day Care;['84,99'];6+;221;41691
Minecraft®;The Mushroom House;['89,99'];8+;272;21179
Friends;Olivia's Electric Car;['69,99'];6+;183;41443
Star Wars™;Brick Sketches™ BB-8™;['69,99', '41,99'];8+;171;40431
Disney™;Elsa and the Nokk’s Ice Stable;['69,99'];4+;53;43209
INVALID Other;LEGO® Wall Hanger Rack;['79,99'];3+;1;5006230
Creator 3-in-1;Fantasy Forest Creatures;['69,99'];7+;175;31125
Creator 3-in-1;Off-road Buggy;['69,99'];7+;160;31123
Spider-Man;Spider-Man versus Venom and Iron Venom;['69,99'];6+;63;40454
BrickHeadz;Ginger Tabby;['69,99'];8+;269;40480
Classic;LEGO® Creative Bricks;['69,99'];4-99;221;10692
Star Wars™;First Order Stormtrooper™;['69,99', '41,99'];8+;151;40391
BrickHeadz;Cockatiel;['69,99', '41,99'];8+;219;40481
DC;Batman™;['69,99', '41,99'];8+;115;40386
DC;Batman™ & Selina Kyle™ Motorcycle Pursuit;['69,99'];6+;149;76179
Powered UP;Medium Linear Motor;['79,99'];7+;1;88008
Creator 3-in-1;Deep Sea Creatures;['69,99'];7+;230;31088
Spider-Man;Miles Morales;['79,99'];8+;214;40536
Star Wars™;Defence of Hoth™;['69,99'];6+;64;40557
Powered UP;Color & Distance Sensor;['69,99'];7+;1;88007
LEGO® Super Mario™;Bowser Jr.'s Clown Car Expansion Set;['45,99'];6+;84;71396
City;Fire Helicopter;['45,99'];4+;53;60318
Disney™;Anna’s Castle Courtyard;['45,99'];5+;74;43198
Other;Roses;['59,99'];8+;120;40460
Creator 3-in-1;Dolphin and Turtle;['45,99'];6+;137;31128
Classic;Creative Monsters;['45,99'];4+;140;11017
Friends;Forest Waterfall;['45,99'];5+;93;41677
Creator 3-in-1;Wild Lion;['69,99'];7+;224;31112
City;Picnic in the park;['64,99'];5+;147;60326
Other;Sunflowers;['59,99'];8+;191;40524
Marvel;Captain America and Hydra Face-Off;['45,99'];4+;49;76189
LEGO® Super Mario™;Bee Mario Power-Up Pack;['45,99'];6+;13;71393
Marvel;Eternals’ Aerial Assault;['45,99'];7+;133;76145
Marvel;Black Panther Mech Armour;['45,99'];7+;124;76204
Disney™;Elsa’s Castle Courtyard;['45,99'];5+;53;43199
Creator 3-in-1;Cyber Drone;['45,99'];6+;113;31111
DC;The Joker™;['69,99', '41,99'];8+;170;40428
Powered UP;Train Motor;['69,99'];7+;7;88011
Marvel;Iron Man Mech Armour;['45,99'];7+;130;76203
NINJAGO®;Jungle Raider;['45,99'];7+;127;71700
NINJAGO®;Kai's Spinjitzu Ninja Training;['45,99'];6+;32;70688
City;Police Car;['45,99'];5+;94;60312
LEGO® Super Mario™;Frog Mario Power-Up Pack;['45,99'];6+;11;71392
Star Wars™;Millennium Falcon™ Microfighter;['45,99'];6+;101;75295
Friends;Pet Clinic Ambulance;['45,99'];4+;54;41694
City;Race Car;['45,99'];4+;46;60322
Disney™;Mickey Mouse's Propeller Plane;['45,99'];4+;59;10772
City;Police Helicopter;['45,99'];4+;51;60275
Technic;Race Plane;['45,99'];7+;154;42117
Spider-Man;Miles Morales: Spider-Man’s Techno Trike;['45,99'];4+;59;10781
NINJAGO®;Lloyd's Ninja Mech;['45,99'];4+;57;71757
NINJAGO®;Kai's Blade Cycle;['45,99'];4+;54;71734
NINJAGO®;Lloyd's Spinjitzu Ninja Training;['45,99'];6+;32;70689
Powered UP;Light;['45,99'];7+;1;88005
NINJAGO®;Jay's Spinjitzu Ninja Training;['45,99'];6+;25;70690
Technic;Motorcycle;['45,99'];7+;163;42132
Classic;Blue Baseplate;['44,99'];4-99;1;10714
Classic;White Baseplate;['44,99'];4+;1;11010
Minecraft®;The Creeper™ Ambush;['45,99'];7+;72;21177
Marvel;Wolverine Mech Armour;['45,99'];7+;141;76202
NINJAGO®;Zane’s Power Up Mech EVO;['45,99'];6+;95;71761
City;Stunt Plane;['45,99'];5+;59;60323
Creator 3-in-1;Sports Car;['45,99'];6+;134;31100
Technic;Skid Steer Loader;['45,99'];7+;140;42116
City;Roadwork Truck;['45,99'];4+;58;60284
City;Chicken Stunt Bike;['35,99'];5+;10;60310
Star Wars™;The Razor Crest™ Microfighter;['45,99'];6+;98;75321
Friends;Turtle Protection Vehicle;['45,99'];6+;90;41697
Technic;Telehandler;['45,99'];7+;143;42133
City;Wildlife Rescue ATV;['45,99'];5+;74;60300
Minecraft®;The Coral Reef;['45,99'];7+;92;21164
City;Demolition Stunt Bike;['35,99'];5+;12;60297
Creator 3-in-1;Super Robot;['45,99'];6+;159;31124
Xtra;Water Tape;['39,99'];6+;23;854065
City;Selfie Stunt Bike;['35,99'];5+;14;60309
LEGO® Super Mario™;Character Packs - Series 5;['26,99'];6+;47;71410
Classic;Creative White Bricks;['21,99'];4+;60;11012
Disney™;Ultimate Adventure Castle;['479,99'];6+;698;43205
Classic;Creative Blue Bricks;['21,99'];4+;52;11006
City;Rocket Stunt Bike;['35,99'];5+;14;60298
VIDIYO™;Bandmates;['19,99', '13,99'];7+;11;43101
LEGO® Super Mario™;Adventures with Peach Starter Course;['259,99'];6+;354;71403
Minecraft®;The Skeleton Dungeon;['139,99'];8+;364;21189
LEGO® Super Mario™;Character Packs – Series 4;['16,99'];6+;29;71402
Classic;Brick Separator;['10,99'];4+;1;630
LEGO® Super Mario™;Big Spike’s Cloudtop Challenge Expansion Set;['329,99'];7+;540;71409
Minecraft®;The Abandoned Village;['239,99'];8+;422;21190
LEGO® Super Mario™;Peach’s Castle Expansion Set;['629,99'];8+;1216;71408
LEGO® Super Mario™;Goomba’s Shoe Expansion Set;['45,99'];6+;76;71404
City;Wheelie Stunt Bike;['35,99'];5+;14;60296
LEGO® Super Mario™;Fuzzy Flippers Expansion Set;['119,99'];6+;154;71405
City;Fire Stunt Bike;['35,99'];5+;11;60311
Star Wars™;AT-ST™ Raider;['269,99'];8+;540;75254
Other;Tuk Tuk;['44,99'];7+;155;40469
Other;Trophy;['59,99'];8+;200;40385
DC;LEGO® DC Batman™ Batmobile™ Tumbler: Scarecrow™ Showdown;['189,99'];8+;422;76239
City;Passenger Train;['599,99'];6-12;677;60197
Disney™;Disney Princess Ultimate Celebration Bundle;['379,99'];6+;None;5007204
LEGO® Super Mario™;Yoshi’s Gift House Expansion Set;['159,99'];6+;246;71406
Speed Champions;Ford GT Heritage Edition and Bronco R;['229,99'];8+;660;76905
Creator 3-in-1;Crocodile;['139,99'];7+;454;31121
Star Wars™;The Armorer’s Mandalorian™ Forge;['139,99'];8+;258;75319
Minions;Unstoppable Bike Chase;['99,99'];6+;136;75549
Disney™;Isabela's Magical Door;['89,99'];5+;114;43201
LEGO® Super Mario™;Cat Peach Suit and Frozen Tower Expansion Set;['329,99'];7+;494;71407
Monkie Kid™;Red Son's Inferno Jet;['139,99'];7+;299;80019
Powered UP;Hub;['229,99'];7+;1;88009
Creator 3-in-1;Space Shuttle Adventure;['229,99'];8+;486;31117
Other;Tulips;['44,99'];8+;111;40461
City;Train Station;['359,99'];7+;907;60335
Minifigures;Series 22;['16,99'];5+;9;71032
Star Wars™;Obi-Wan's Hut;['139,99'];7+;200;75270
INVALID DOTS;Gel Pen 6 Pack;['69,99'];6+;1;5006275
Xtra;LEGO® xtra Sea Accessories;['17,00', '11,90'];6+;24;40341
Star Wars™;Clone Trooper™ Command Station;['69,99'];6+;66;40558
Other;Christmas Ornament Santa;['34,99'];6+;44;854037
VIDIYO™;Bandmates;['19,99', '13,99'];7+;12;43108
Friends;Party Boat;['379,99'];7+;640;41433
Other;Valentine Lovebirds;['59,99'];8+;298;40522
Minecraft®;The Pirate Ship Adventure;['229,99'];8+;386;21152
Marvel;Iron Man Hall of Armor;['279,99'];7+;524;76125
City;Deep Space Rocket and Launch Control;['449,99'];7+;837;60228
Other;Easter Rabbits Display;['59,99'];8+;288;40523
Star Wars™;Mandalorian™ Battle Pack;['79,99'];6+;102;75267
NINJAGO®;Lloyd's Hydro Mech;['89,99'];7+;228;71750
Spider-Man;Spider-Man vs. Mysterio’s Drone Attack;['89,99'];4+;73;76184
Star Wars™;Anakin's Jedi™ Interceptor;['139,99'];7+;248;75281
DOTS;DOTS Mini Frame;['16,99'];6+;85;30556
Monkie Kid™;Monkie Kid’s Team Secret HQ;['799,99'];10+;1959;80013
Creator 3-in-1;Viking Ship and the Midgard Serpent;['549,99'];9+;1192;31132
NINJAGO®;Nya's Samurai X MECH;['519,99'];10+;1003;71775
City;Double Loop Stunt Arena;['629,99'];7+;598;60339
Harry Potter™;12 Grimmauld Place;['629,99'];8+;1083;76408
Marvel;Iron Man Armoury;['429,99'];7+;496;76216
Monkie Kid™;The Heavenly Realms;['799,99'];10+;2433;80039
City;Freight Train;['849,99'];7+;1153;60336
NINJAGO®;Lloyd’s Golden Ultra Dragon;['649,99'];9+;989;71774
Minecraft®;The Red Barn;['479,99'];9+;799;21187
Monkie Kid™;Monkie Kid’s Team Van;['469,99'];9+;1406;80038
Harry Potter™;The Ministry of Magic™;['479,99'];9+;990;76403
City;Express Passenger Train;['669,99'];7+;764;60337
Jurassic World™;Giganotosaurus & Therizinosaurus Attack;['629,99'];9+;810;76949
Minecraft®;The Llama Village;['629,99'];9+;1252;21188
Friends;Horse Show Trailer;['469,99'];8+;989;41722
Star Wars™;Inquisitor Transport Scythe™;['479,99'];9+;924;75336
Friends;Andrea's Theatre School;['469,99'];8+;1154;41714
NINJAGO®;The Crystal King;['269,99'];9+;722;71772
Harry Potter™;The Shrieking Shack & Whomping Willow™;['429,99'];9+;777;76407
Friends;Roller Disco Arcade;['269,99'];7+;642;41708
Star Wars™;Ambush on Ferrix™;['379,99'];9+;679;75338
Monkie Kid™;Dragon of the East;['279,99'];8+;880;80037
DOTS;Designer Toolkit - Patterns;['269,99'];8+;1096;41961
Friends;Olivia's Space Academy;['329,99'];8+;757;41713
Friends;Water Park;['269,99'];6+;373;41720
Harry Potter™;Hogwarts™ Courtyard: Sirius’s Rescue;['239,99'];8+;345;76401
Jurassic World™;T. rex & Atrociraptor Dinosaur Breakout;['429,99'];8+;466;76948
Friends;Organic Farm;['389,99'];7+;826;41721
Star Wars™;The Mandalorian's N-1 Starfighter™;['279,99'];9+;412;75325
LEGO® Education;LEGO® Technic™ Small Hub Battery;['303,99'];6+;1;45612
Harry Potter™;Hogwarts™: Dumbledore’s Office;['379,99'];8+;654;76402
NINJAGO®;The Crystal King Temple;['329,99'];8+;703;71771
City;Grocery Store;['269,99'];6+;404;60347
Friends;Emma's Art School;['329,99'];8+;844;41711
NINJAGO®;Kai’s Golden Dragon Raider;['389,99'];8+;624;71773
Harry Potter™;Hungarian Horntail Dragon;['239,99'];10+;671;76406
Friends;Mia's Wildlife Rescue;['229,99'];7+;430;41717
Disney and Pixar’s Lightyear;XL-15 Spaceship;['239,99'];8+;497;76832
BrickHeadz;Professors of Hogwarts™;['179,99'];10+;601;40560
City;Space Ride Amusement Truck;['179,99'];6+;433;60313
Friends;Stephanie's Sailing Adventure;['179,99'];7+;304;41716
Jurassic World™;Quetzalcoatlus Plane Ambush;['239,99'];7+;306;76947
Jurassic World™;Pyroraptor & Dilophosaurus Transport;['219,99'];7+;254;76951
Minecraft®;The Ice Castle;['239,99'];8+;499;21186
Marvel;The Goat Boat;['239,99'];8+;564;76208
Creator 3-in-1;Downtown Noodle Shop;['199,99'];8+;569;31131
Marvel;I am Groot;['229,99'];10+;476;76217
City;Smashing Chimpanzee Stunt Loop;['219,99'];7+;226;60338
Jurassic World™;Triceratops Pick-up Truck Ambush;['219,99'];7+;210;76950
DOTS;Unicorn Creative Family Pack;['229,99'];6+;707;41962
NINJAGO®;Cole’s Dragon Cruiser;['179,99'];8+;384;71769
Star Wars™;Republic Fighter Tank™;['189,99'];7+;262;75342
Monkie Kid™;Monkie Kid’s Cloud Jet;['229,99'];8+;529;80008
NINJAGO®;Zane's Golden Dragon Jet;['129,99'];7+;258;71770
City;Water Police Detective Missions;['119,99'];6+;278;60355
DOTS;Big Box;['109,99'];7+;479;41960
Jurassic World™;Atrociraptor Dinosaur: Bike Chase;['89,99'];6+;169;76945
Minecraft®;The Nether Bastion;['159,99'];8+;300;21185
Star Wars™;Obi-Wan Kenobi’s Jedi Starfighter™;['159,99'];7+;282;75333
City;Wild Animal Rescue Missions;['129,99'];6+;246;60353
DOTS;Ice Cream Picture Frames & Bracelet;['129,99'];6+;474;41956
Marvel;Attack on New Asgard;['89,99'];7+;159;76207
BrickHeadz;Chinese New Year Pandas;['89,99'];10+;249;40466
DOTS;Cute Panda Tray;['89,99'];6+;517;41959
Jurassic World™;Blue & Beta Velociraptor Capture;['139,99'];6+;181;76946
Minecraft®;The Bakery;['99,99'];8+;154;21184
BrickHeadz;Chip & Dale;['89,99'];10+;226;40550
Disney and Pixar’s Lightyear;Zurg Battle;['139,99'];7+;261;76831
Creator 3-in-1;Sunken Treasure Mission;['139,99'];8+;522;31130
DOTS;Adhesive Patches Mega Pack;['129,99'];6+;486;41957
City;Mars Spacecraft Exploration Missions;['129,99'];6+;298;60354
Other;Halloween Owl;['69,99'];8+;228;40497
Harry Potter™;Hogwarts™ Carriage and Thestrals;['89,99'];7+;121;76400
BrickHeadz;Budgie;['69,99'];8+;261;40443
Friends;Recycling Truck;['84,99'];6+;259;41712
Disney™;Goofy & Pluto;['69,99'];10+;214;40378
BrickHeadz;Pets - French Bulldog;['69,99'];8+;237;40544
BrickHeadz;Shorthair Cats;['69,99'];8+;250;40441
BrickHeadz;St. Bernard;['69,99'];8+;236;40543
Disney™;Mickey Mouse;['79,99'];8+;118;40456
Disney™;Minnie Mouse;['79,99'];8+;140;40457
Other;Easter Bunny;['69,99'];8+;293;40463
BrickHeadz;Goldfish;['69,99'];8+;186;40442
BrickHeadz;Woody and Bo Peep;['89,99'];10+;296;40553
Other;Valentine's Brown Bear;['69,99'];8+;245;40462
BrickHeadz;Gru, Stuart and Otto;['89,99'];10+;244;40420
Other;Christmas Penguin;['69,99'];8+;244;40498
BrickHeadz;Road Runner™ & Wile E. Coyote™;['89,99'];10+;205;40559
NINJAGO®;Jay's Golden Dragon Motorbike;['84,99'];7+;137;71768
BrickHeadz;Lion Dance Guy;['44,99'];10+;239;40540
DOTS;Extra DOTS Series 7 - SPORT;['17,99'];6+;115;41958
DOTS;Extra DOTS - Series 4;['17,99'];6+;105;41931
LEGO® Education;LEGO® Education SPIKE™ Prime Set;['1929,99'];10+;528;45678
DOTS;Rainbow Bracelet with Charms;['29,99'];6+;37;41953
LEGO® Super Mario™;Adventures with Mario Starter Course;['259,99'];6+;231;71360
City;Electric Scooters & Charging Dock;['59,99'];6+;50;40526
DOTS;Extra DOTS - Series 3;['17,99'];6+;107;41921
LEGO® Super Mario™;Adventures with Luigi Starter Course;['259,99'];6+;280;71387
Other;Yellow Taxi;['44,99'];7+;124;40468
DOTS;Extra DOTS - Series 5;['17,99'];6+;120;41932
Star Wars™;Ahsoka Tano™;['44,99'];10+;164;40539
BrickHeadz;Lady Liberty;['44,99'];10+;153;40367
DOTS;Adhesive Patch;['29,99'];6+;95;41954
DOTS;Stitch-on Patch;['29,99'];8+;95;41955
Technic;Getaway Truck;['89,99'];7+;128;42090
BrickHeadz;Daisy Duck;['44,99'];10+;110;40476
Friends;Mobile Fashion Boutique;['45,99'];6+;94;41719
Technic;App-Controlled Transformation Vehicle;['629,99'];9+;772;42140
Star Wars™;Imperial Light Cruiser™;['749,99'];10+;1336;75315
Harry Potter™;Hogwarts™ Chamber of Secrets;['669,99'];9+;1176;76389
Star Wars™;AT-AT™;['749,99'];10+;1267;75288
Friends;Main Street Building;['699,99'];8+;1682;41704
LEGO® Super Mario™;The Beach Blast Bundle;['679,97'];6+;None;5007338
City;Rocket Launch Centre;['649,99'];7+;1010;60351
LEGO® Super Mario™;Luigi’s Mansion™ Madness Bundle;['949,96'];6+;None;5007337
LEGO® Education;LEGO® Education SPIKE™ Essential Set;['1439,99'];6+;449;45345
LEGO® Education;LEGO® Technic™ Small Hub;['999,99'];6+;2;45609
NINJAGO®;Hydro Bounty;['649,99'];9+;1159;71756
City;Cargo Train;['879,99'];6-12;1226;60198
BOOST;BOOST Creative Toolbox;['799,99'];7-12;847;17101
Star Wars™;Millennium Falcon™;['749,99'];9+;1353;75257
LEGO® Super Mario™;The Ultimate Bundle;['1319,95'];10+;None;5007062
Monkie Kid™;The Legendary Flower Fruit Mountain;['799,99'];10+;1949;80024
Powered UP;Large Hub;['1149,99'];6+;2;88016
Technic;Porsche 911 RSR;['749,99'];10+;1580;42096
Monkie Kid™;Monkie Kid's Team Dronecopter;['599,99'];10+;1462;80023
Art;Art Project - Create Together;['569,99'];7+;4138;21226
LEGO® Education;LEGO® Education BricQ Motion Prime Set;['569,99'];10+;564;45400
Minecraft®;The Modern Treehouse;['569,99'];9+;909;21174
Harry Potter™;Harry Potter & Hermione Granger™;['629,99'];10+;1673;76393
Harry Potter™;Attack on the Burrow;['479,99'];9+;1047;75980
LEGO® Super Mario™;Bowser’s Airship Expansion Set;['479,99'];8+;1152;71391
Harry Potter™;Hogwarts™ Clock Tower;['479,99'];9+;922;75948
NINJAGO®;Temple of the Endless Sea;['519,99'];9+;1060;71755
Technic;Dom's Dodge Charger;['479,99'];10+;1077;42111
Marvel;LEGO® Marvel Rise of the Domo;['479,99'];8+;1040;76156
Harry Potter™;Hogwarts™ Astronomy Tower;['479,99'];9+;971;75969
Star Wars™;Yoda™;['569,99'];10+;1771;75255
Star Wars™;Boba Fett's Throne Room;['479,99'];9+;732;75326
Technic;THE BATMAN - BATMOBILE™;['479,99'];10+;1360;42127
LEGO® Super Mario™;The Team-Up Bundle;['499,98'];10+;None;5007060
Star Wars™;The Razor Crest™;['629,99'];10+;1023;75292
Creator 3-in-1;Pirate Ship;['549,99'];9+;1264;31109
Friends;Heartlake City Grand Hotel;['469,99'];8+;1308;41684
City;Passenger Airplane;['469,99'];6+;669;60262
City;Wildlife Rescue Camp;['469,99'];6+;503;60307
City;Fire Brigade;['469,99'];7+;766;60321
City;Lunar Research Base;['469,99'];7+;786;60350
NINJAGO®;Ninja Dojo Temple;['469,99'];8+;1394;71767
Monkie Kid™;The Bone Demon;['469,99'];9+;1375;80028
City;Stunt Show Arena;['469,99'];6+;668;60295
Other;Lunar New Year Ice Festival;['469,99'];8+;1519;80109
Friends;Magical Funfair Roller Coaster;['469,99'];8+;974;41685
Creator 3-in-1;Medieval Castle;['469,99'];9+;1426;31120
City;Hospital;['469,99'];7+;816;60330
City;Police Chase at the Bank;['469,99'];7+;915;60317
Monkie Kid™;Monkie Kid's Galactic Explorer;['469,99'];9+;1356;80035
Friends;Heartlake City Shopping Mall;['469,99'];8+;1032;41450
Star Wars™;The Bad Batch™ Attack Shuttle;['479,99'];9+;969;75314
Monkie Kid™;Spider Queen’s Arachnoid Base;['469,99'];9+;1170;80022
City;Town Center;['469,99'];6+;790;60292
Disney™;Ariel’s Underwater Palace;['399,99'];6+;498;43207
NINJAGO®;Ninja Ultra Combo Mech;['389,99'];9+;1104;71765
Friends;Friendship Tree House;['369,99'];8+;1114;41703
NINJAGO®;Ultra Sonic Raider;['419,99'];9+;725;71739
Harry Potter™;Hogsmeade™ Village Visit;['379,99'];8+;851;76388
City;Wildlife Rescue Operation;['419,99'];6+;525;60302
Creator 3-in-1;Ferris Wheel;['429,99'];9+;1002;31119
Star Wars™;The Child;['379,99'];10+;1073;75318
Disney™;Belle and the Beast's Castle;['399,99'];6+;505;43196
Harry Potter™;Hogwarts™ Express;['429,99'];8-14;801;75955
Jurassic World™;Baryonyx Dinosaur Boat Escape;['379,99'];8+;308;76942
LEGO® Super Mario™;Luigi’s Mansion™ Haunt-and-Seek Expansion Set;['379,99'];8+;877;71401
Marvel;Avengers: Endgame Final Battle;['429,99'];8+;527;76192
Minecraft®;The Crafting Box 3.0;['379,99'];8+;564;21161
Spider-Man;Attack on the Spider Lair;['379,99'];8+;466;76175
Star Wars™;Imperial Shuttle™;['379,99'];9+;660;75302
Creator 3-in-1;Caravan Family Holiday;['369,99'];9+;766;31108
Powered UP;Move Hub;['369,99'];7+;1;88006
Marvel;LEGO® Marvel The Eternals In Arishem’s Shadow;['329,99'];7+;493;76155
Classic;Bricks Bricks Plates;['329,99'];4-99;1504;11717
Friends;Canal Houseboat;['349,99'];7+;737;41702
Other;Lunar New Year Traditions;['329,99'];8+;1066;80108
Technic;All-Terrain Vehicle;['349,99'];10+;764;42139
Friends;Forest Horseback Riding Center;['329,99'];7+;511;41683
Friends;Heartlake City School;['329,99'];6+;605;41682
Harry Potter™;Hogwarts™ Wizard’s Chess;['329,99'];10+;876;76392
Monkie Kid™;Monkie Kid's Lion Guardian;['329,99'];8+;774;80021
Friends;Andrea's Family House;['329,99'];6+;802;41449
Powered UP;Technic™ Hub;['369,99'];7+;1;88012
DC;Batcave™: The Riddler™ Face-off;['329,99'];8+;581;76183
Monkie Kid™;Nezha’s Fire Ring;['369,99'];8+;929;80034
Friends;Friendship Bus;['329,99'];8+;778;41395
Harry Potter™;4 Privet Drive;['329,99'];8+;797;75968
Star Wars™;Mandalorian Starfighter™;['329,99'];9+;544;75316
LEGO® Super Mario™;Reznor Knockdown Expansion Set;['329,99'];8+;862;71390
Friends;Surfer Beachfront;['329,99'];6+;685;41693
Friends;Vacation Beach House;['329,99'];7+;686;41709
Minecraft®;The First Adventure;['279,99'];8+;542;21169
Friends;Pet Day-Care Centre;['299,99'];7+;593;41718
Monkie Kid™;Evil Macaque’s Mech;['279,99'];8+;893;80033
NINJAGO®;Water Dragon;['319,99'];9+;737;71754
Harry Potter™;Hogwarts™ Magical Trunk;['279,99'];8+;603;76399
Speed Champions;Mopar Dodge//SRT Top Fuel Dragster and 1970 Dodge Challenger T/A;['279,99'];8+;627;76904
Technic;Ducati Panigale V4 R;['279,99'];10+;646;42107
Disney™;Aurora, Merida and Tiana’s Enchanted Creations;['279,99'];6+;558;43203
Minecraft®;The Training Grounds;['279,99'];8+;534;21183
LEGO® Super Mario™;Big Urchin Beach Ride Expansion Set;['279,99'];7+;536;71400
City;Ocean Exploration Base;['279,99'];6+;497;60265
City;Fire Station;['269,99'];6+;540;60320
Minecraft®;The Illager Raid;['329,99'];8+;562;21160
Minecraft®;The Sky Tower;['279,99'];8+;565;21173
City;Fire Command Unit;['269,99'];6+;380;60282
NINJAGO®;Catamaran Sea Battle;['319,99'];9+;780;71748
Disney™;Rapunzel's Tower;['279,99'];6+;369;43187
City;Lunar Space Station;['269,99'];6+;500;60349
Star Wars™;Boba Fett’s Starship™;['239,99'];9+;593;75312
Star Wars™;Hoth™ AT-ST™;['239,99'];9+;586;75322
NINJAGO®;Zane's Titan Mech Battle;['269,99'];9+;840;71738
Technic;McLaren Senna GTR™;['239,99'];10+;830;42123
Friends;Magical Ferris Wheel and Slide;['269,99'];7+;545;41689
Technic;Jeep® Wrangler;['239,99'];9+;665;42122
Minions;Brick-built Minions and their Lair;['239,99'];8+;876;75551
City;Police Station;['269,99'];6+;668;60316
Technic;Formula E® Porsche 99X Electric;['239,99'];9+;422;42137
Star Wars™;Luke Skywalker’s X-Wing Fighter™;['239,99'];9+;474;75301
Minecraft®;The Pig House;['239,99'];8+;490;21170
City;School Day;['269,99'];6+;433;60329
Harry Potter™;Hogwarts™ Hospital Wing;['239,99'];8+;510;76398
Technic;Ford Mustang Shelby® GT500®;['239,99'];9+;544;42138
Jurassic World™;Carnotaurus Dinosaur Chase;['239,99'];7+;240;76941
City;Stunt Show Truck;['269,99'];6+;420;60294
NINJAGO®;Lloyd’s Legendary Dragon;['269,99'];8+;747;71766
Monkie Kid™;Sandy's Power Loader Mech;['199,99'];8+;520;80025
Friends;Forest Camper Van and Sailboat;['229,99'];7+;487;41681
Monkie Kid™;Chang’e Moon Cake Factory;['229,99'];8+;609;80032
NINJAGO®;The Keepers' Village;['229,99'];8+;632;71747
Friends;Heartlake City Movie Theater;['229,99'];7+;451;41448
Star Wars™;Armored Assault Tank (AAT™);['189,99'];7+;286;75283
NINJAGO®;Jay and Nya's Race Car EVO;['229,99'];7+;536;71776
Marvel;Battle at the Ancient Village;['189,99'];8+;400;76177
Classic;LEGO® Large Creative Brick Box;['229,99'];4-99;790;10698
Disney™;The Madrigal House;['229,99'];6+;587;43202
NINJAGO®;Fire Dragon Attack;['229,99'];8+;563;71753
Creator 3-in-1;Majestic Tiger;['229,99'];9+;755;31129
Monkie Kid™;Sandy's Speedboat;['229,99'];8+;394;80014
NINJAGO®;X-1 Ninja Charger;['229,99'];8+;599;71737
Friends;Magical Caravan;['229,99'];7+;348;41688
Creator 3-in-1;Surfer Beach House;['229,99'];8+;564;31118
Monkie Kid™;Pigsy’s Noodle Tank;['229,99'];8+;662;80026
Friends;Street Food Market;['229,99'];6+;592;41701
Harry Potter™;Hedwig™;['189,99'];10+;630;75979
Star Wars™;Imperial TIE Fighter™;['189,99'];8+;432;75300
Spider-Man;Spider-Man at the Sanctum Workshop;['189,99'];7+;355;76185
Friends;Beach Glamping;['179,99'];6+;380;41700
Marvel;Sanctuary II: Endgame Battle;['189,99'];7+;322;76237
Friends;Baking Competition;['179,99'];6+;361;41393
Marvel;Iron Man: Iron Monger Mayhem;['189,99'];9+;479;76190
LEGO® Super Mario™;Lakitu Sky World Expansion Set;['189,99'];7+;484;71389
DOTS;Big Message Board;['179,99'];8+;943;41952
LEGO® Super Mario™;Luigi’s Mansion™ Entryway Expansion Set;['189,99'];7+;504;71399
Disney™;Cinderella’s Royal Carriage;['189,99'];6+;237;43192
NINJAGO®;Boulder Blaster;['179,99'];8+;449;71736
Minions;Minions Kung Fu Battle;['189,99'];6+;310;75550
Speed Champions;Aston Martin Valkyrie AMR Pro and Aston Martin Vantage GT3;['179,99'];9+;592;76910
Star Wars™;Imperial Armored Marauder;['189,99'];8+;478;75311
Marvel;Iron Man Figure;['189,99'];9+;381;76206
Frozen;Elsa's Jewelry Box Creation;['189,99'];6+;300;41168
Harry Potter™;Hogwarts™: Fluffy Encounter;['189,99'];8+;397;76387
Powered UP;Technic™ Large Motor;['159,99'];7+;1;88013
Powered UP;Technic™ XL Motor;['159,99'];7+;1;88014
Speed Champions;Mercedes-AMG F1 W12 E Performance & Mercedes-AMG Project One;['179,99'];9+;564;76909
NINJAGO®;Jungle Dragon;['179,99'];8+;506;71746
NINJAGO®;Ninja Sub Speeder;['179,99'];8+;356;71752
Technic;Heavy-Duty Excavator;['179,99'];8+;569;42121
VIDIYO™;K-Pawp Concert;['229,99', '163,99'];8+;514;43113
DC;Batman™ Classic TV Series Batmobile™;['159,99'];7+;345;76188
DOTS;Creative Designer Box;['179,99'];7+;849;41938
Star Wars™;501st Legion™ Clone Troopers;['139,99'];7+;285;75280
Monkie Kid™;Mei’s Dragon Car;['179,99'];7+;456;80031
NINJAGO®;Ninja Training Centre;['179,99'];7+;524;71764
City;Police Mobile Command Truck;['179,99'];6+;436;60315
Speed Champions;Chevrolet Corvette C8.R Race Car and 1968 Chevrolet Corvette;['179,99'];8+;512;76903
City;Mobile Crane;['179,99'];7+;340;60324
Minecraft®;The Jungle Abomination;['189,99'];8+;489;21176
Marvel;Tony Stark’s Sakaarian Iron Man;['159,99'];8+;369;76194
Monkie Kid™;White Dragon Horse Jet;['179,99'];7+;565;80020
Powered UP;Medium Angular Motor;['139,99'];6+;1;88018
Marvel;Escape from The Ten Rings;['139,99'];7+;321;76176
Marvel;Captain Carter & The Hydra Stomper;['139,99'];8+;343;76201
Marvel;Bro Thor’s New Asgard;['139,99'];7+;265;76200
Harry Potter™;Hogwarts™ Moment: Defence Class;['139,99'];8+;257;76397
LEGO® Super Mario™;Mario’s House & Yoshi Expansion Set;['139,99'];6+;205;71367
LEGO® Super Mario™;Boss Sumo Bro Topple Tower Expansion Set;['139,99'];6+;231;71388
Creator 3-in-1;Safari Wildlife Tree House;['139,99'];7+;397;31116
LEGO® Super Mario™;Dorrie’s Beachfront Expansion Set;['139,99'];6+;229;71398
DC;Batmobile™: The Penguin™ Chase;['139,99'];8+;392;76181
Star Wars™;Dark Trooper™ Attack;['139,99'];8+;166;75324
Harry Potter™;Hogwarts™: First Flying Lesson;['139,99'];7+;264;76395
Harry Potter™;Hogwarts™ Moment: Charms Class;['139,99'];8+;256;76385
Creator 3-in-1;Fish Tank;['139,99'];8+;352;31122
Marvel;Gargantos Showdown;['139,99'];8+;264;76205
Harry Potter™;Hogwarts™ Moment: Divination Class;['139,99'];8+;297;76396
Harry Potter™;Hogwarts™ Moment: Potions Class;['139,99'];8+;271;76383
Harry Potter™;Hogwarts™ Moment: Transfiguration Class;['139,99'];8+;241;76382
Technic;John Deere 9620R 4WD Tractor;['129,99'];8+;390;42136
Classic;LEGO® Medium Creative Brick Box;['129,99'];4-99;484;10696
Minecraft®;The Ruined Portal;['139,99'];8+;316;21172
NINJAGO®;Lloyd’s Race Car EVO;['129,99'];6+;1;71763
NINJAGO®;Overlord Dragon;['129,99'];7+;372;71742
Star Wars™;Trouble on Tatooine™;['139,99'];7+;276;75299
Friends;Forest House;['129,99'];6+;326;41679
City;Lunar Roving Vehicle;['129,99'];6+;275;60348
DOTS;Multi Pack - Summer Vibes;['129,99'];6+;441;41937
Minecraft®;The Warped Forest;['139,99'];8+;287;21168
DOTS;Bag Tags Mega Pack - Messaging;['129,99'];6+;228;41949
Jurassic World™;T. rex Dinosaur Fossil Exhibition;['139,99'];7+;198;76940
Technic;Rescue Hovercraft;['129,99'];8+;457;42120
Friends;Pet Adoption Café;['129,99'];6+;292;41699
Friends;Heartlake City Organic Café;['129,99'];6+;314;41444
NINJAGO®;Kai’s Fire Dragon EVO;['129,99'];6+;204;71762
Minecraft®;The Rabbit Ranch;['139,99'];8+;340;21181
Friends;Magical Funfair Stalls;['129,99'];6+;361;41687
Star Wars™;The Mandalorian™ & the Child;['99,99'];10+;295;75317
Speed Champions;1970 Ferrari 512 M;['89,99'];8+;291;76906
VIDIYO™;Candy Mermaid BeatBox;['89,99', '62,99'];7+;71;43102
Marvel;Black Panther Dragon Flyer;['89,99'];8+;202;76186
Minecraft®;The Trading Post;['99,99'];8+;201;21167
Star Wars™;Duel on Mandalore™;['89,99'];7+;147;75310
DOTS;Cute Banana Pen Holder;['89,99'];6+;438;41948
DOTS;Creative Party Kit;['109,99'];6+;623;41926
Classic;Creative Suitcase;['89,99'];4-99;213;10713
Friends;Tree-Planting Vehicle;['129,99'];6+;336;41707
Minecraft®;The "Abandoned" Mine;['99,99'];7+;248;21166
Star Wars™;AT-AT™ vs. Tauntaun™ Microfighters;['89,99'];6+;205;75298
LEGO® Super Mario™;Luigi’s Mansion™ Lab and Poltergust Expansion Set;['119,99'];6+;179;71397
Creator 3-in-1;Space Mining Mech;['109,99'];7+;327;31115
Powered UP;Remote Control;['109,99'];7+;1;88010
NINJAGO®;Tournament of Elements;['129,99'];6+;283;71735
Creator 3-in-1;Race Car Transporter;['109,99'];7+;328;31113
Minecraft®;The Guardian Battle;['99,99'];8+;255;21180
Creator 3-in-1;High-Speed Train;['89,99'];7+;284;40518
Harry Potter™;Hogwarts™: Polyjuice Potion Mistake;['89,99'];7+;217;76386
DOTS;Lots of DOTS – Lettering;['89,99'];6+;722;41950
Technic;Monster Jam® Max-D®;['89,99'];7+;230;42119
Speed Champions;Lamborghini Countach;['89,99'];8+;262;76908
DOTS;Lots of DOTS;['89,99'];6+;1040;41935
Technic;Monster Jam™ Megalodon™;['89,99'];7+;260;42134
Marvel;LEGO® Marvel Deviant Ambush!;['89,99'];6+;197;76154
Speed Champions;Koenigsegg Jesko;['89,99'];7+;280;76900
DOTS;Message Board;['89,99'];6+;531;41951
Speed Champions;Lotus Evija;['89,99'];8+;247;76907
Technic;Monster Jam™ El Toro Loco™;['89,99'];7+;247;42135
Speed Champions;McLaren Elva;['89,99'];7+;263;76902
VIDIYO™;Folk Fairy BeatBox;['89,99', '62,99'];7+;89;43110
VIDIYO™;HipHop Robot BeatBox;['89,99', '62,99'];7+;73;43107
Technic;Monster Jam® Grave Digger®;['89,99'];7+;212;42118
NINJAGO®;Lloyd's Jungle Chopper Bike;['89,99'];7+;183;71745
NINJAGO®;Jay’s Thunder Dragon EVO;['89,99'];6+;140;71760
VIDIYO™;Unicorn DJ BeatBox;['89,99', '62,99'];7+;84;43106
Creator 3-in-1;Street Racer;['89,99'];7+;258;31127
VIDIYO™;Punk Pirate BeatBox;['89,99', '62,99'];7+;73;43103
Minecraft®;The Bee Farm;['89,99'];8+;238;21165
Speed Champions;Toyota GR Supra;['89,99'];7+;299;76901
Minecraft®;The Horse Stable;['89,99'];8+;241;21171
Creator 3-in-1;Supersonic Jet;['89,99'];7+;215;31126
Star Wars™;Snowtrooper™ Battle Pack;['89,99'];6+;105;75320
VIDIYO™;Party Llama BeatBox;['89,99', '62,99'];7+;82;43105
DOTS;Pencil Holder;['89,99'];6+;321;41936
Minecraft®;The Panda Nursery;['89,99'];7+;204;21158
Minecraft®;The Fox Lodge;['89,99'];8+;193;21178
City;Tracks;['89,99'];5-12;20;60205
Spider-Man;Spider-Man & Green Goblin Mech Battle;['89,99'];7+;296;76219
Creator 3-in-1;Superbike;['89,99'];8+;236;31114
Spider-Man;Spider-Man’s Drone Duel;['89,99'];7+;198;76195
Spider-Man;Spider-Man & Doctor Octopus Mech Battle;['89,99'];7+;305;76198
Minecraft®;The Mushroom House;['89,99'];8+;272;21179
Star Wars™;Defence of Hoth™;['69,99'];6+;64;40557
Star Wars™;Brick Sketches™ BB-8™;['69,99', '41,99'];8+;171;40431
Brick Sketches™;Iron Man;['79,99'];8+;200;40535
Creator 3-in-1;Mighty Dinosaurs;['69,99'];7-12;174;31058
Creator 3-in-1;Off-road Buggy;['69,99'];7+;160;31123
Creator 3-in-1;Fantasy Forest Creatures;['69,99'];7+;175;31125
BrickHeadz;Ginger Tabby;['69,99'];8+;269;40480
Classic;LEGO® Creative Bricks;['69,99'];4-99;221;10692
Star Wars™;First Order Stormtrooper™;['69,99', '41,99'];8+;151;40391
Friends;Magical Acrobatics;['84,99'];6+;223;41686
DC;Batman™;['69,99', '41,99'];8+;115;40386
DC;Batman™ & Selina Kyle™ Motorcycle Pursuit;['69,99'];6+;149;76179
Powered UP;Medium Linear Motor;['79,99'];7+;1;88008
BrickHeadz;Cockatiel;['69,99', '41,99'];8+;219;40481
Spider-Man;Miles Morales;['79,99'];8+;214;40536
Creator 3-in-1;Deep Sea Creatures;['69,99'];7+;230;31088
Powered UP;Color & Distance Sensor;['69,99'];7+;1;88007
Friends;Doggy Day Care;['84,99'];6+;221;41691
LEGO® Super Mario™;Bowser Jr.'s Clown Car Expansion Set;['45,99'];6+;84;71396
Friends;Olivia's Electric Car;['69,99'];6+;183;41443
Other;Roses;['59,99'];8+;120;40460
BrickHeadz;Wedding Groom;['59,99', '35,99'];10+;255;40384
Creator 3-in-1;Dolphin and Turtle;['45,99'];6+;137;31128
Marvel;Iron Man Mech Armour;['45,99'];7+;130;76203
LEGO® Super Mario™;Frog Mario Power-Up Pack;['45,99'];6+;11;71392
Creator 3-in-1;Wild Lion;['69,99'];7+;224;31112
Marvel;Eternals’ Aerial Assault;['45,99'];7+;133;76145
Other;Sunflowers;['59,99'];8+;191;40524
BrickHeadz;Wedding Bride;['59,99', '35,99'];10+;306;40383
LEGO® Super Mario™;Bee Mario Power-Up Pack;['45,99'];6+;13;71393
Spider-Man;Spider-Man versus Venom and Iron Venom;['69,99'];6+;63;40454
Marvel;Black Panther Mech Armour;['45,99'];7+;124;76204
NINJAGO®;Jay's Spinjitzu Ninja Training;['45,99'];6+;25;70690
Creator 3-in-1;Cyber Drone;['45,99'];6+;113;31111
DC;The Joker™;['69,99', '41,99'];8+;170;40428
Powered UP;Train Motor;['69,99'];7+;7;88011
Minecraft®;The Creeper™ Ambush;['45,99'];7+;72;21177
NINJAGO®;Kai's Spinjitzu Ninja Training;['45,99'];6+;32;70688
NINJAGO®;Jungle Raider;['45,99'];7+;127;71700
Marvel;Wolverine Mech Armour;['45,99'];7+;141;76202
NINJAGO®;Zane’s Power Up Mech EVO;['45,99'];6+;95;71761
Star Wars™;Millennium Falcon™ Microfighter;['45,99'];6+;101;75295
Creator 3-in-1;Sports Car;['45,99'];6+;134;31100
Technic;Skid Steer Loader;['45,99'];7+;140;42116
Technic;Race Plane;['45,99'];7+;154;42117
BrickHeadz;Birthday Clown;['44,99'];10+;150;40348
Star Wars™;The Razor Crest™ Microfighter;['45,99'];6+;98;75321
Friends;Turtle Protection Vehicle;['45,99'];6+;90;41697
Technic;Telehandler;['45,99'];7+;143;42133
NINJAGO®;Lloyd's Spinjitzu Ninja Training;['45,99'];6+;32;70689
Creator 3-in-1;Super Robot;['45,99'];6+;159;31124
Minecraft®;The Coral Reef;['45,99'];7+;92;21164
Powered UP;Light;['45,99'];7+;1;88005
Technic;Motorcycle;['45,99'];7+;163;42132
Classic;Blue Baseplate;['44,99'];4-99;1;10714
BrickHeadz;FC Barcelona Go Brick Me;['89,99'];10+;530;40542
LEGO® Super Mario™;Character Packs - Series 5;['26,99'];6+;47;71410
Disney™;Ultimate Adventure Castle;['479,99'];6+;698;43205
Creator 3-in-1;Vespa;['44,99'];9+;118;40517
Star Wars™;The Justifier™;['799,99'];9+;1022;75323
Star Wars™;AT-TE™ Walker;['669,99'];9+;1082;75337
VIDIYO™;Bandmates;['19,99', '13,99'];7+;11;43101
LEGO® Super Mario™;Adventures with Peach Starter Course;['259,99'];6+;354;71403
Minecraft®;The Skeleton Dungeon;['139,99'];8+;364;21189
LEGO® Super Mario™;Character Packs – Series 4;['16,99'];6+;29;71402
LEGO® Super Mario™;Big Spike’s Cloudtop Challenge Expansion Set;['329,99'];7+;540;71409
LEGO® Super Mario™;Peach’s Castle Expansion Set;['629,99'];8+;1216;71408
Star Wars™;Obi-Wan Kenobi™ & Darth Vader™;['89,99'];10+;260;40547
Minecraft®;The Abandoned Village;['239,99'];8+;422;21190
LEGO® Super Mario™;Goomba’s Shoe Expansion Set;['45,99'];6+;76;71404
LEGO® Super Mario™;Fuzzy Flippers Expansion Set;['119,99'];6+;154;71405
Xtra;Water Tape;['39,99'];6+;23;854065
Other;Tuk Tuk;['44,99'];7+;155;40469
Other;Santa's Sleigh;['179,99'];9+;343;40499
BrickHeadz;Scrooge McDuck, Huey, Dewey & Louie;['119,99'];10+;340;40477
City;Passenger Train;['599,99'];6-12;677;60197
Other;Trophy;['59,99'];8+;200;40385
MINDSTORMS®;Robot Inventor;['1699,99'];10+;949;51515
BrickHeadz;Buzz Lightyear;['44,99'];10+;114;40552
Other;LEGO® Iconic Chess Set;['249,99'];9+;1450;40174
LEGO® Super Mario™;Yoshi’s Gift House Expansion Set;['159,99'];6+;246;71406
Other;Tulips;['44,99'];8+;111;40461
Monkie Kid™;Monkey King Warrior Mech;['599,99'];10+;1629;80012
LEGO® Super Mario™;Cat Peach Suit and Frozen Tower Expansion Set;['329,99'];7+;494;71407
BrickHeadz;Voldemort™, Nagini & Bellatrix;['119,99'];10+;344;40496
BrickHeadz;Harry, Hermione, Ron & Hagrid™;['119,99'];10+;466;40495
Other;Christmas Wreath 2-in-1;['159,99'];9+;510;40426
Disney™;Donald Duck;['44,99'];10+;90;40377
City;Train Station;['359,99'];7+;907;60335
Disney™;Disney Princess Ultimate Celebration Bundle;['379,99'];6+;None;5007204
Star Wars™;AT-ST™ Raider;['269,99'];8+;540;75254
DC;LEGO® DC Batman™ Batmobile™ Tumbler: Scarecrow™ Showdown;['189,99'];8+;422;76239
Monkie Kid™;The City of Lanterns;['599,99'];9+;2187;80036
Harry Potter™;Fawkes, Dumbledore’s Phoenix;['189,99'];10+;597;76394
NINJAGO®;Lloyd's Hydro Mech;['89,99'];7+;228;71750
Star Wars™;Clone Trooper™ Command Station;['69,99'];6+;66;40558
Other;Christmas Ornament Santa;['34,99'];6+;44;854037
VIDIYO™;Bandmates;['19,99', '13,99'];7+;12;43108
LEGO® Super Mario™;The Creative Bundle;['579,97'];10+;None;5007061
Speed Champions;Ford GT Heritage Edition and Bronco R;['229,99'];8+;660;76905
Creator 3-in-1;Crocodile;['139,99'];7+;454;31121
Star Wars™;The Armorer’s Mandalorian™ Forge;['139,99'];8+;258;75319
Minions;Unstoppable Bike Chase;['99,99'];6+;136;75549
Other;Valentine Lovebirds;['59,99'];8+;298;40522
Other;Easter Rabbits Display;['59,99'];8+;288;40523
Monkie Kid™;Red Son's Inferno Jet;['139,99'];7+;299;80019
Powered UP;Hub;['229,99'];7+;1;88009
Creator 3-in-1;Space Shuttle Adventure;['229,99'];8+;486;31117
Star Wars™;Obi-Wan's Hut;['139,99'];7+;200;75270
DOTS;Gel Pen 6 Pack;['69,99'];6+;None;5006275
Xtra;LEGO® xtra Sea Accessories;['17,00', '11,90'];6+;24;40341
Friends;Party Boat;['379,99'];7+;640;41433
Star Wars™;Poe Dameron's X-wing Fighter™;['469,99'];9+;761;75273
Star Wars™;Death Star™ Final Duel;['469,99'];9+;775;75291
Minecraft®;The Pirate Ship Adventure;['229,99'];8+;386;21152
Marvel;Iron Man Hall of Armor;['279,99'];7+;524;76125
City;Deep Space Rocket and Launch Control;['449,99'];7+;837;60228
Star Wars™;Mandalorian™ Battle Pack;['79,99'];6+;102;75267
Star Wars™;Kylo Ren's Shuttle™;['569,99'];10+;1005;75256
Star Wars™;Anakin's Jedi™ Interceptor;['139,99'];7+;248;75281
DOTS;DOTS Mini Frame;['16,99'];6+;85;30556
BrickHeadz;Lion Dance Guy;['44,99'];10+;239;40540
Monkie Kid™;Monkie Kid’s Team Secret HQ;['799,99'];10+;1959;80013
BrickHeadz;Daisy Duck;['44,99'];10+;110;40476
Disney™;The Ice Castle;['999,99', '897,99'];14+;1709;43197
Harry Potter™;Hungarian Horntail Dragon;['239,99'];10+;671;76406
NINJAGO®;Nya's Samurai X MECH;['519,99'];10+;1003;71775
Disney™;Goofy & Pluto;['69,99'];10+;214;40378
Monkie Kid™;The Heavenly Realms;['799,99'];10+;2433;80039
BrickHeadz;Professors of Hogwarts™;['179,99'];10+;601;40560
BrickHeadz;Chinese New Year Pandas;['89,99'];10+;249;40466
Marvel;I am Groot;['229,99'];10+;476;76217
BrickHeadz;Woody and Bo Peep;['89,99'];10+;296;40553
BrickHeadz;Gru, Stuart and Otto;['89,99'];10+;244;40420
Star Wars™;Ahsoka Tano™;['44,99'];10+;164;40539
BrickHeadz;Lady Liberty;['44,99'];10+;153;40367
Star Wars™;BD-1™;['479,99'];14+;1062;75335
BrickHeadz;Road Runner™ & Wile E. Coyote™;['89,99'];10+;205;40559
BrickHeadz;Chip & Dale;['89,99'];10+;226;40550
Monkie Kid™;Monkie Kid's Team Dronecopter;['599,99'];10+;1462;80023
Star Wars™;AT-AT™;['749,99'];10+;1267;75288
LEGO® Education;LEGO® Education SPIKE™ Prime Set;['1929,99'];10+;528;45678
NINJAGO®;NINJAGO® City Gardens;['1399,99'];14+;5686;71741
Harry Potter™;Harry Potter & Hermione Granger™;['629,99'];10+;1673;76393
LEGO® Education;LEGO® Education BricQ Motion Prime Set;['569,99'];10+;564;45400
Technic;4x4 Mercedes-Benz Zetros Trial Truck;['1399,99'];12+;2129;42129
Technic;Land Rover Defender;['949,99'];11+;2573;42110
Technic;Heavy-duty Tow Truck;['799,99'];11+;2017;42128
Marvel;The Guardians’ Ship;['719,99'];14+;1901;76193
Technic;6x6 Volvo Articulated Hauler;['1249,99'];11+;2193;42114
Ideas;LEGO® NASA Apollo Saturn V;['569,99'];14+;1969;92176
LEGO® Super Mario™;The Ultimate Bundle;['1319,95'];10+;None;5007062
Monkie Kid™;The Legendary Flower Fruit Mountain;['799,99'];10+;1949;80024
Disney™;Mini Disney Castle;['159,99'];12+;567;40478
Star Wars™;The Razor Crest™;['629,99'];10+;1023;75292
Star Wars™;Imperial Light Cruiser™;['749,99'];10+;1336;75315
Technic;Porsche 911 RSR;['749,99'];10+;1580;42096
Star Wars™;The Mandalorian™ & the Child;['99,99'];10+;295;75317
Classic;Bricks Bricks Plates;['329,99'];4-99;1504;11717
Harry Potter™;Hedwig™;['189,99'];10+;630;75979
Classic;LEGO® Medium Creative Brick Box;['129,99'];4-99;484;10696
Architecture;New York City;['239,99'];12+;598;21028
Technic;McLaren Senna GTR™;['239,99'];10+;830;42123
Technic;Ducati Panigale V4 R;['279,99'];10+;646;42107
Technic;All-Terrain Vehicle;['349,99'];10+;764;42139
Architecture;London;['189,99'];12+;468;21034
Technic;Dom's Dodge Charger;['479,99'];10+;1077;42111
Classic;LEGO® Large Creative Brick Box;['229,99'];4-99;790;10698
Star Wars™;The Child;['379,99'];10+;1073;75318
Harry Potter™;Hogwarts™ Wizard’s Chess;['329,99'];10+;876;76392
Architecture;Paris;['239,99'];12+;649;21044
Star Wars™;Yoda™;['569,99'];10+;1771;75255
Harry Potter™;Hogwarts™ Express;['429,99'];8-14;801;75955
Technic;THE BATMAN - BATMOBILE™;['479,99'];10+;1360;42127
LEGO® Super Mario™;The Team-Up Bundle;['499,98'];10+;None;5007060
Classic;Blue Baseplate;['44,99'];4-99;1;10714
BrickHeadz;Wedding Groom;['59,99', '35,99'];10+;255;40384
Disney™;Toruk Makto & Tree of Souls;['729,99'];12+;1212;75574
BrickHeadz;FC Barcelona Go Brick Me;['89,99'];10+;530;40542
BrickHeadz;Scrooge McDuck, Huey, Dewey & Louie;['119,99'];10+;340;40477
MINDSTORMS®;Robot Inventor;['1699,99'];10+;949;51515
BrickHeadz;Buzz Lightyear;['44,99'];10+;114;40552
Classic;Creative Suitcase;['89,99'];4-99;213;10713
BrickHeadz;Birthday Clown;['44,99'];10+;150;40348
LEGO® Super Mario™;The Creative Bundle;['579,97'];10+;None;5007061
Classic;LEGO® Creative Bricks;['69,99'];4-99;221;10692
Monkie Kid™;Monkey King Warrior Mech;['599,99'];10+;1629;80012
BrickHeadz;Voldemort™, Nagini & Bellatrix;['119,99'];10+;344;40496
BrickHeadz;Harry, Hermione, Ron & Hagrid™;['119,99'];10+;466;40495
Star Wars™;Obi-Wan Kenobi™ & Darth Vader™;['89,99'];10+;260;40547
Harry Potter™;Fawkes, Dumbledore’s Phoenix;['189,99'];10+;597;76394
Disney™;Donald Duck;['44,99'];10+;90;40377
BrickHeadz;Wedding Bride;['59,99', '35,99'];10+;306;40383
Star Wars™;Kylo Ren's Shuttle™;['569,99'];10+;1005;75256
Star Wars™;Luke Skywalker’s Landspeeder™;['949,99'];18+;1890;75341
Ideas;Vincent van Gogh - The Starry Night;['799,99'];18+;2316;21333
Star Wars™;Death Star™ Trench Run Diorama;['279,99'];18+;665;75329
Star Wars™;Millennium Falcon™;['3749,99'];16+;7541;75192
Star Wars™;AT-AT™;['3749,99'];18+;6785;75313
Star Wars™;Death Star™ Trash Compactor Diorama;['429,99'];18+;802;75339
Star Wars™;Dagobah™ Jedi™ Training Diorama;['379,99'];18+;1000;75330
Ideas;Seinfeld;['379,99'];18+;1326;21328
BrickHeadz;Spice Girls Tribute;['229,99'];16+;578;40548
Harry Potter™;Diagon Alley™;['1899,99'];16+;5544;75978
Jurassic World™;T. rex Breakout;['479,99'];18+;1212;76956
Stranger Things;Demogorgon & Eleven;['89,99'];16+;192;40549
LEGO® ICONS™;Succulents;['239,99'];18+;771;10309
Technic;Ferrari Daytona SP3;['1899,99'];18+;3778;42143
Star Wars™;Imperial Star Destroyer™;['3299,99'];16+;4784;75252
Art;The Rolling Stones;['729,99'];18+;1998;31206
LEGO® ICONS™;Optimus Prime;['799,99'];18+;1508;10302
LEGO® ICONS™;Colosseum;['2349,99'];18+;9036;10276
Ideas;LEGO® Ideas Home Alone;['1199,99'];18+;3955;21330
Art;World Map;['1199,99'];18+;11695;31203
DC;1989 Batwing;['949,99'];18+;2363;76161
Star Wars™;Republic Gunship™;['1649,99'];18+;3292;75309
Marvel;Daily Bugle;['1399,99'];18+;3772;76178
Creator Expert;Assembly Square;['1229,99'];16+;4002;10255
LEGO® ICONS™;Camp Nou – FC Barcelona;['1549,99', '1393,99'];18+;5509;10284
Creator Expert;Haunted House;['1199,99'];18+;3231;10273
Harry Potter™;Hogwarts™ Icons - Collectors' Edition;['1199,99'];18+;3010;76391
Ideas;Grand Piano;['1649,99'];18+;3662;21323
LEGO® Super Mario™;Nintendo Entertainment System™;['1099,99'];18+;2646;71374
Creator Expert;Ghostbusters™ ECTO-1;['949,99'];18+;2352;10274
Harry Potter™;Hogwarts™ Castle;['1999,99'];16+;6020;71043
LEGO® ICONS™;Old Trafford - Manchester United;['1299,99'];16+;3898;10272
LEGO® ICONS™;Boutique Hotel;['949,99'];18+;3066;10297
Star Wars™;Mos Eisley Cantina™;['1649,99'];18+;3187;75290
Technic;Lamborghini Sián FKP 37;['1899,99'];18+;3696;42115
LEGO® ICONS™;Real Madrid – Santiago Bernabéu Stadium;['1649,99'];18+;5876;10299
LEGO® ICONS™;NASA Space Shuttle Discovery;['849,99'];18+;2354;10283
Ideas;123 Sesame Street;['569,99'];18+;1367;21324
LEGO® ICONS™;The Friends Apartments;['719,99'];18+;2048;10292
Ideas;Medieval Blacksmith;['719,99'];18+;2164;21325
LEGO® ICONS™;Queer Eye – The Fab 5 Loft;['479,99'];18+;974;10291
LEGO® ICONS™;Bird of Paradise;['479,99'];18+;1173;10289
LEGO® Super Mario™;Super Mario 64™ Question Mark Block;['799,99'];18+;2064;71395
Star Wars™;R2-D2™;['949,99'];18+;2314;75308
Ideas;Typewriter;['949,99'];18+;2079;21327
Creator Expert;Bookshop;['849,99'];16+;2504;10270
LEGO® ICONS™;Porsche 911;['669,99'];18+;1458;10295
LEGO® ICONS™;Police Station;['849,99'];18+;2923;10278
Disney™;Mickey Mouse & Minnie Mouse Buildable Characters;['849,99'];18+;1739;43179
Creator Expert;Ford Mustang;['669,99'];16+;1471;10265
Ideas;The Globe;['949,99'];18+;2585;21332
Ideas;Tree House;['949,99'];16+;3036;21318
LEGO® ICONS™;Volkswagen T2 Camper Van;['749,99'];18+;2207;10279
Creator Expert;NASA Apollo 11 Lunar Lander;['479,99'];16+;1087;10266
Other;adidas Originals Superstar;['429,99', '364,99'];18+;731;10282
LEGO® ICONS™;Fiat 500;['379,99'];16+;960;10271
Technic;Ford® F-150 Raptor;['649,99'];18+;1379;42126
Technic;Ferrari 488 GTE “AF Corse #51”;['849,99'];18+;1682;42125
Art;Elvis Presley “The King”;['569,99'];18+;3445;31204
Ideas;International Space Station;['329,99'];16+;864;21321
Technic;BMW M 1000 RR;['949,99'];18+;1920;42130
Harry Potter™;Harry Potter™ Hogwarts™ Crests;['569,99'];18+;4249;31201
Ideas;LEGO® Ideas Fender® Stratocaster™;['469,99'];18+;1074;21329
Batman™;Jim Lee Batman™ Collection;['569,99'];18+;4167;31205
Disney™;The Disney Castle;['1649,99'];16+;4080;71040
Ideas;Central Perk;['379,99'];16+;1070;21319
Disney™;Winnie the Pooh;['469,99'];18+;1265;21326
Disney™;Disney's Mickey Mouse;['569,99'];18+;2658;31202
LEGO® ICONS™;Santa’s Visit;['429,99'];18+;1445;10293
LEGO® ICONS™;Pickup Truck;['629,99'];18+;1677;10290
Technic;McLaren Formula 1™ Race Car;['849,99'];18+;1432;42141
DC;LEGO® DC Batman™ Batmobile™ Tumbler;['1099,99'];18+;2049;76240
Architecture;Statue of Liberty;['469,99'];16+;1685;21042
Classic;Bricks Bricks Plates;['329,99'];4-99;1504;11717
Star Wars™;Dark Trooper™ Helmet;['279,99'];18+;693;75343
Star Wars™;Boba Fett™ Helmet;['279,99'];18+;625;75277
Architecture;The White House;['479,99'];18+;1483;21054
Architecture;Taj Mahal;['569,99'];18+;2022;21056
Star Wars™;Imperial Probe Droid™;['329,99'];18+;683;75306
DC;Classic TV Series Batman™ Cowl;['279,99'];18+;372;76238
Architecture;Singapore;['279,99'];18+;827;21057
Spider-Man;Carnage;['279,99'];18+;546;76199
LEGO® ICONS™;Elf Club House;['429,99'];18+;1197;10275
Marvel;Infinity Gauntlet;['379,99'];18+;590;76191
Star Wars™;Darth Vader™ Helmet;['329,99'];18+;834;75304
Ideas;Sonic the Hedgehog™ – Green Hill Zone;['329,99'];18+;1125;21331
Star Wars™;Luke Skywalker™ (Red Five) Helmet;['279,99'];18+;675;75327
DC;Batman™ Cowl;['279,99'];18+;410;76182
Marvel;Thor's Hammer;['569,99'];18+;979;76209
LEGO® ICONS™;Vespa 125;['479,99'];18+;1107;10298
Classic;Blue Baseplate;['44,99'];4-99;1;10714
Star Wars™;The Mandalorian™ Helmet;['279,99'];18+;584;75328
LEGO® ICONS™;Flower Bouquet;['239,99'];18+;756;10280
Classic;LEGO® Medium Creative Brick Box;['129,99'];4-99;484;10696
LEGO® ICONS™;Lion Knights' Castle;['1899,99'];18+;None;10305
Marvel;Sanctum Sanctorum;['1199,99'];18+;2708;76218
LEGO® ICONS™;Galaxy Explorer;['479,99'];18+;1246;10497
Spider-Man;Venom;['279,99'];18+;565;76187
Star Wars™;Scout Trooper™ Helmet;['239,99'];18+;471;75305
Other;Everyone Is Awesome;['159,99'];18+;346;40516
Classic;Creative Suitcase;['89,99'];4-99;213;10713
Classic;LEGO® Large Creative Brick Box;['229,99'];4-99;790;10698
LEGO® ICONS™;Bonsai Tree;['239,99'];18+;878;10281
Classic;LEGO® Creative Bricks;['69,99'];4-99;221;10692
LEGO® ICONS™;Loop Coaster;['1899,99'];18+;3756;10303
Architecture;Tokyo;['279,99'];16+;547;21051
Art;Floral Art;['329,99'];18+;2870;31207
Ideas;Jazz Quartet;['479,99'];18+;1606;21334
Other;Horizon Forbidden West: Tallneck;['379,99'];18+;1222;76989
Technic;Bugatti Chiron;['1700,00'];16+;3599;42083
Stranger Things;The Upside Down;['899,99'];16+;2287;75810
Star Wars™;Darth Vader™ Meditation Chamber;['329,99'];18+;663;75296
LEGO® ICONS™;Orchid;['239,99'];18+;608;10311
LEGO® ICONS™;Back to the Future Time Machine;['799,99'];18+;1872;10300
LEGO® ICONS™;LEGO® Titanic;['2999,99'];18+;9090;10294
Marvel;Nano Gauntlet;['329,99'];18+;675;76223
Architecture;Great Pyramid of Giza;['669,99'];18+;1476;21058
